{"type":"FeatureCollection","name":"iligan_barangay_boundaries","crs":{"type":"name","properties":{"name":"urn:ogc:def:crs:EPSG::4326"}},"features":[{"id":"31448","type":"Feature","properties":{"adm1_psgc":1000000000,"adm2_psgc":1030900000,"adm3_psgc":1030900000,"adm4_psgc":1030900001,"adm4_en":"Abuno","geo_level":"Bgy","len_crs":13125,"area_crs":7320783,"len_km":13,"area_km2":7.0},"geometry":{"type":"Polygon","coordinates":[[[124.24324483800001,8.193815753000022],[124.25048181200009,8.19255796200002],[124.25175529000012,8.191867346000036],[124.25251093400004,8.191816883000058],[124.25319208200006,8.189204917000039],[124.25716946700004,8.188908654000043],[124.2575586690001,8.189656698000023],[124.25811213800012,8.189621437000028],[124.25905567300003,8.190474643000075],[124.25980666700002,8.189880390000042],[124.2584869850001,8.186633123000036],[124.25864932600007,8.185814693000053],[124.26018994100002,8.185396021000031],[124.2625524450001,8.186514439000064],[124.26286849400003,8.185435112000048],[124.2642753880001,8.185539612000069],[124.26530024500006,8.182410922000031],[124.25651658300002,8.179255839000062],[124.25941038200006,8.166753017000076],[124.24301539100009,8.164814709000039],[124.23587534900004,8.16334969300004],[124.23508590500013,8.164528030000044],[124.23382756700005,8.167926762000036],[124.23490130000005,8.170502887000053],[124.23555178100004,8.175754520000053],[124.23426569600007,8.178594621000057],[124.23497114700001,8.17933729600003],[124.23557870000002,8.17945288100003],[124.23538772100005,8.18067990800006],[124.23587526200004,8.181421283000077],[124.23625503100004,8.18314066800002],[124.23895189600012,8.186039929000058],[124.23974402300009,8.186152510000055],[124.24014323600012,8.186843533000058],[124.24169171000005,8.187525831000071],[124.242599196,8.18867660500007],[124.24300341000003,8.189648987000055],[124.24243276600009,8.190089648000026],[124.24225866500002,8.191119550000053],[124.24133507600004,8.19210107900005],[124.24212288900002,8.193145798000048],[124.24269087500012,8.19320305000002],[124.24324483800001,8.193815753000022]]]}},{"id":"31449","type":"Feature","properties":{"adm1_psgc":1000000000,"adm2_psgc":1030900000,"adm3_psgc":1030900000,"adm4_psgc":1030900002,"adm4_en":"Bonbonon","geo_level":"Bgy","len_crs":12258,"area_crs":7192501,"len_km":12,"area_km2":7.0},"geometry":{"type":"Polygon","coordinates":[[[124.3043977310001,8.276329460000055],[124.31278278700007,8.273724353000036],[124.31278181400013,8.272497086000042],[124.31344714100008,8.27206192400007],[124.31348636900009,8.270839223000053],[124.31261391200006,8.270184806000032],[124.31196559600005,8.269180392000067],[124.31191697100009,8.267150962000072],[124.31154142800006,8.266260706000022],[124.30239933500002,8.252544073000026],[124.30181383900005,8.253802655000074],[124.29989303600007,8.254453472000025],[124.29871653300006,8.255663116000054],[124.29789921300006,8.255959940000022],[124.29525727900011,8.254495987000041],[124.2940329280001,8.255471940000065],[124.29301434700005,8.255717828000055],[124.2916386720001,8.25553977900006],[124.29020966000007,8.256410754000058],[124.28851747300007,8.255843346000063],[124.28813136400005,8.254229676000023],[124.2877294430001,8.253766079000059],[124.28694632400004,8.253792659000052],[124.28637148300002,8.254960594000067],[124.28500286700012,8.253868400000044],[124.28441208200002,8.255032527000024],[124.28337436300001,8.255568891000053],[124.28311863100008,8.256415117000074],[124.28026508900007,8.257759000000021],[124.27936698300006,8.259177757000032],[124.2790037200001,8.260097278000048],[124.28166274500006,8.261315195000066],[124.28237254700004,8.261993383000059],[124.27942855900005,8.265330848000074],[124.28039124500003,8.26619687600004],[124.28208747800011,8.266680407000024],[124.28311424900005,8.267185912000059],[124.28341058900003,8.267658895000068],[124.28241778400003,8.269097237000038],[124.28058732000012,8.269917132000046],[124.28058732000012,8.271995471000023],[124.28321861100005,8.275389455000038],[124.3043977310001,8.276329460000055]]]}},{"id":"31450","type":"Feature","properties":{"adm1_psgc":1000000000,"adm2_psgc":1030900000,"adm3_psgc":1030900000,"adm4_psgc":1030900003,"adm4_en":"Bunawan","geo_level":"Bgy","len_crs":20085,"area_crs":13150772,"len_km":20,"area_km2":13.0},"geometry":{"type":"Polygon","coordinates":[[[124.29038132000004,8.321907393000062],[124.30343307400005,8.311831809000067],[124.30914787100005,8.315187759000024],[124.31781608000006,8.323533798000026],[124.32793174200003,8.327967434000069],[124.32623931400008,8.323899039000025],[124.33855459400002,8.307572725000057],[124.33818140100004,8.306111487000067],[124.33881046200007,8.305454436000046],[124.33833037500006,8.30532817900007],[124.33778969600009,8.304412692000026],[124.33697508600007,8.305322669000075],[124.33589320500005,8.304759749000025],[124.33552445900011,8.304186428000035],[124.33601949500006,8.303149961000031],[124.32088284400004,8.297648821000054],[124.32036671600008,8.297842315000024],[124.3198866910001,8.297385820000047],[124.31849081100006,8.297271856000066],[124.31700889800005,8.295613722000041],[124.31684295400011,8.294634619000021],[124.31608362500005,8.293323997000074],[124.31628866000007,8.292551565000053],[124.31586298000002,8.292006804000037],[124.3146277080001,8.29166927700004],[124.31377386900009,8.292207329000064],[124.31313013500005,8.291795396000056],[124.31255615400005,8.292626419000044],[124.31104698800004,8.292496352000057],[124.31019806600013,8.29145602500006],[124.30978124100012,8.290283602000045],[124.30895592600007,8.290428486000055],[124.3079379090001,8.289932782000049],[124.30685520400004,8.290494559000024],[124.30655175800007,8.290256507000038],[124.30660885300006,8.289555674000043],[124.30221601600012,8.299082893000048],[124.2903520870001,8.30013944500007],[124.28824288400006,8.304875478000044],[124.2853495290001,8.321417959000028],[124.28430104000007,8.32989908200005],[124.28643547900003,8.330000745000062],[124.29038132000004,8.321907393000062]]]}},{"id":"31451","type":"Feature","properties":{"adm1_psgc":1000000000,"adm2_psgc":1030900000,"adm3_psgc":1030900000,"adm4_psgc":1030900005,"adm4_en":"Buru-un","geo_level":"Bgy","len_crs":12727,"area_crs":6032184,"len_km":12,"area_km2":6.0},"geometry":{"type":"Polygon","coordinates":[[[124.18354620900004,8.197627147000048],[124.1858685520001,8.198372182000071],[124.1868361280001,8.197716476000041],[124.18818241300006,8.19821544000007],[124.18917058300009,8.195825988000022],[124.18947161700011,8.195933789000035],[124.18905158200006,8.19566898100004],[124.18948661600007,8.194864735000069],[124.19057423900004,8.194160107000075],[124.19147873800011,8.192791988000064],[124.19134714600013,8.190306434000036],[124.19069880200004,8.188680162000024],[124.1906625690001,8.187695044000066],[124.192814999,8.185033019000059],[124.18861157700009,8.182163553000066],[124.18878701500013,8.181995619000077],[124.18370169200011,8.176935306000075],[124.18414394000001,8.17621737000007],[124.1849761640001,8.175812789000076],[124.18488971700003,8.174917557000072],[124.18374193800003,8.174193896000078],[124.18338596300009,8.173235496000075],[124.18056384500005,8.171820094000054],[124.17918949000011,8.163183183000054],[124.17810106700004,8.162945730000045],[124.176995593,8.164008737000074],[124.1751281170001,8.164141820000054],[124.17443681100009,8.164483366000068],[124.17442833200005,8.164981385000033],[124.17532241700007,8.166582448000044],[124.17518816100005,8.16816152000007],[124.17442523000011,8.16842224100003],[124.17313343000001,8.167764454000068],[124.17182798500006,8.16761575100003],[124.1711861860001,8.168232453000032],[124.17122124800004,8.170494303000055],[124.16879258100006,8.172085269000036],[124.168625743,8.172712558000056],[124.169006383,8.173923993000074],[124.16872231700006,8.175389131000028],[124.16669446500009,8.177043291000077],[124.16539776300012,8.179796568000027],[124.16562275700005,8.18033586200005],[124.16534650100004,8.181799265000052],[124.16557686600002,8.184167351000042],[124.1664669060001,8.186181326000051],[124.16785300900005,8.187087287000054],[124.16836283000009,8.187936518000072],[124.16931060000002,8.188039191000026],[124.17163342900007,8.189034708000063],[124.17260750100002,8.188931880000041],[124.17269050900005,8.189502101000075],[124.17483005200006,8.190319779000049],[124.1765380400001,8.191633758000021],[124.17755742400004,8.191749724000031],[124.17779085600012,8.191471921000074],[124.17926842700001,8.191903721000074],[124.18320656700007,8.193990199000039],[124.18462680500011,8.195153675000029],[124.18499877300007,8.195941669000034],[124.18283741200003,8.198020720000045],[124.18307861700009,8.198229166000031],[124.18354620900004,8.197627147000048]]]}},{"id":"31452","type":"Feature","properties":{"adm1_psgc":1000000000,"adm2_psgc":1030900000,"adm3_psgc":1030900000,"adm4_psgc":1030900006,"adm4_en":"Dalipuga","geo_level":"Bgy","len_crs":18883,"area_crs":15830069,"len_km":18,"area_km2":15.0},"geometry":{"type":"Polygon","coordinates":[[[124.24818182700005,8.331710189000034],[124.26055712900006,8.329052708000061],[124.28430104000007,8.32989908200005],[124.2853495290001,8.321417959000028],[124.28824288400006,8.304875478000044],[124.2903520870001,8.30013944500007],[124.28152445700006,8.29694464800002],[124.27923327600001,8.296674809000024],[124.27845948300002,8.297437841000033],[124.27798612200003,8.296364773000048],[124.27689781200002,8.295759599000062],[124.27689903500006,8.294313543000042],[124.27633449400003,8.293604650000077],[124.27359301100013,8.29269543500004],[124.2711630870001,8.293680806000053],[124.2641706190001,8.291223905000034],[124.26242623900009,8.29015453000005],[124.26117042400006,8.287530012000046],[124.25918881600013,8.287730929000077],[124.25928965000003,8.287347228000044],[124.25881131200003,8.287888335000048],[124.2580513470001,8.28783732100004],[124.25775668700011,8.288306993000049],[124.2571797070001,8.288034130000028],[124.25722642200004,8.291252535000071],[124.25651415900006,8.293960420000078],[124.25628881600007,8.293829311000021],[124.25436464300003,8.297529309000026],[124.25458347300001,8.30037604900002],[124.2540635250001,8.30250651700004],[124.25457869800005,8.304107479000036],[124.25486347600008,8.304122885000028],[124.2544578720001,8.304184317000024],[124.25404903100001,8.306445041000076],[124.25356335000004,8.30700142200004],[124.25330253800007,8.306850266000025],[124.25350500400009,8.307018394000067],[124.25293468600013,8.307534114000022],[124.25263742200002,8.308920067000031],[124.25196132300006,8.308855454000025],[124.25244318300008,8.309068743000068],[124.2527759840001,8.309861751000028],[124.25241494500006,8.309805395000069],[124.25194112900012,8.311264933000075],[124.25113252200005,8.31126992000003],[124.25239521600008,8.311490898000043],[124.25241748500004,8.311777863000032],[124.25184262100004,8.31175231700007],[124.25131360900002,8.313190809000048],[124.25104418300009,8.313255297000069],[124.25069744900009,8.315212737000023],[124.24885132300005,8.31880736900007],[124.24830088500005,8.31909293700005],[124.24632559800011,8.32333150700003],[124.24648381700001,8.324585141000057],[124.24593432300001,8.327926472000058],[124.24687044500003,8.330323824000063],[124.24570338600007,8.330170133000022],[124.24677032900001,8.330535455000074],[124.2468060880001,8.331237509000061],[124.24745302700002,8.332102494000024],[124.24818182700005,8.331710189000034]]]}},{"id":"31453","type":"Feature","properties":{"adm1_psgc":1000000000,"adm2_psgc":1030900000,"adm3_psgc":1030900000,"adm4_psgc":1030900007,"adm4_en":"Digkilaan","geo_level":"Bgy","len_crs":28103,"area_crs":34149802,"len_km":28,"area_km2":34.0},"geometry":{"type":"Polygon","coordinates":[[[124.36204745900012,8.280296136000059],[124.38570513000002,8.266605049000074],[124.38510580300009,8.266312052000043],[124.38493133400006,8.263649648000074],[124.38431273300013,8.262092765000034],[124.3832028930001,8.260615845000077],[124.3824961140001,8.26109641000005],[124.38170180800013,8.261081669000019],[124.38157620200002,8.259518568000036],[124.38071890800006,8.258254089000047],[124.38008096900012,8.25772671000004],[124.37864712400005,8.257389377000038],[124.37822491700003,8.258099082000056],[124.37878606600007,8.25890105700006],[124.37848587800009,8.25911348900007],[124.37656505300004,8.258391478000021],[124.37589042000002,8.257133196000042],[124.37579889200005,8.25619718900003],[124.37705091200007,8.254484595000065],[124.37676202500008,8.252789574000078],[124.37722922800003,8.251484612000072],[124.37707097799999,8.250139227000034],[124.37469822700008,8.24847800300006],[124.37345659100004,8.248387697000055],[124.3722170210001,8.249118095000028],[124.37156736000007,8.24900793300003],[124.37132487300003,8.248239608000063],[124.3717968950001,8.246755638000023],[124.37022949800007,8.244993648000047],[124.36977149300003,8.243772679000074],[124.37036087800006,8.242632222000054],[124.3681693760001,8.24142276900005],[124.36867018200007,8.239502800000025],[124.3675148100001,8.239819023000052],[124.36639256000002,8.241480430000024],[124.36573279700008,8.240659839000044],[124.36634099800006,8.239645059000052],[124.36610955300013,8.238841594000062],[124.36483909700007,8.238201511000055],[124.36369749800006,8.238632697000073],[124.362363801,8.238042600000027],[124.36216973500005,8.235250066000049],[124.36245846400006,8.233567972000062],[124.36204906900004,8.232577666000054],[124.3610357760001,8.23196628200003],[124.3602097590001,8.23206940700004],[124.36034588400003,8.233120887000041],[124.35951389400009,8.235121950000064],[124.35707876500008,8.236611182000047],[124.35466929700011,8.236119374000054],[124.35351268900001,8.234514992000072],[124.35254084700013,8.233986473000073],[124.35178152100002,8.23393780200007],[124.35027344700008,8.23476796500006],[124.35001585400006,8.235369673000037],[124.35024212000008,8.238895091000073],[124.34958161200007,8.240203867000048],[124.34853227500001,8.240815432000032],[124.34072777800009,8.240305146000026],[124.33973638100007,8.241832820000068],[124.33730588600008,8.243925599000024],[124.3314764370001,8.243473907000064],[124.33109948800006,8.243736708000025],[124.33116949100008,8.244329152000036],[124.33065502700003,8.24497654400005],[124.32788305800011,8.245645534000058],[124.32553898900007,8.245671859000025],[124.3243249430001,8.245126058000038],[124.32263048800009,8.242959506000034],[124.32206997900003,8.242724970000038],[124.31846500900009,8.244785015000048],[124.31663834600012,8.24504937100005],[124.31338333400004,8.246178796000038],[124.31068549400005,8.248931665000043],[124.30789098600007,8.249852474000019],[124.3046355250001,8.250131122000028],[124.30251323100003,8.252012763000039],[124.30239933500002,8.252544073000026],[124.31154142800006,8.266260706000022],[124.31191697100009,8.267150962000072],[124.31196559600005,8.269180392000067],[124.31261391200006,8.270184806000032],[124.31348636900009,8.270839223000053],[124.31344714100008,8.27206192400007],[124.31278181400013,8.272497086000042],[124.31278278700007,8.273724353000036],[124.3100182830001,8.274552070000025],[124.31263676800006,8.276438800000049],[124.34844698500001,8.291475926000032],[124.36204745900012,8.280296136000059]]]}},{"id":"31454","type":"Feature","properties":{"adm1_psgc":1000000000,"adm2_psgc":1030900000,"adm3_psgc":1030900000,"adm4_psgc":1030900008,"adm4_en":"Hinaplanon","geo_level":"Bgy","len_crs":10448,"area_crs":2900943,"len_km":10,"area_km2":2.0},"geometry":{"type":"Polygon","coordinates":[[[124.2508325660001,8.265835213000056],[124.25186476200008,8.26469078800005],[124.25232898800004,8.264762909000066],[124.254511932,8.26017732500003],[124.25318236800001,8.257854609000045],[124.25314678100007,8.255235284000035],[124.25697927700003,8.25399215300007],[124.26171724100004,8.25557948700003],[124.26411313900007,8.255662600000047],[124.26423469500003,8.25366803000003],[124.26571223200006,8.252960159000054],[124.26588356600007,8.253436411000052],[124.26877151200004,8.251977962000069],[124.2669953930001,8.250876551000031],[124.26739563100013,8.249102720000053],[124.26659962400004,8.247511740000052],[124.26489594400005,8.247106233000066],[124.26461868400008,8.245082943000057],[124.26412153500007,8.24547705100002],[124.26275773300006,8.245110246000024],[124.26257818900001,8.241986173000043],[124.26197619900006,8.241211627000043],[124.26000259200009,8.241180564000048],[124.25595903200008,8.242141270000046],[124.25633046000009,8.24409969800007],[124.25511730100004,8.245171191000054],[124.25549379000006,8.245830494000074],[124.25270581000007,8.24643314700006],[124.25090082000008,8.247656917000029],[124.2521077,8.250205038000047],[124.25195327100005,8.250526544000023],[124.2503805550001,8.251127240000075],[124.25000290200013,8.251639657000053],[124.24933064900004,8.254383982000034],[124.248253868,8.25508463400007],[124.2470897520001,8.254896809000055],[124.2461294730001,8.254242799000052],[124.24532332100011,8.255377015000024],[124.24455652100005,8.254894335000074],[124.24453002599999,8.255403188000058],[124.24534352000002,8.255921436000051],[124.24466619700003,8.256253594000043],[124.24491240000009,8.256410009000035],[124.24455750800006,8.256699062000049],[124.24481486100001,8.257244607000073],[124.24526839900012,8.257428697000023],[124.24630641800003,8.25894987400005],[124.24657077000006,8.25883351400006],[124.24767043800011,8.261655409000069],[124.24820680800008,8.261843111000074],[124.24794243500003,8.262020224000025],[124.24890767400008,8.263057999000068],[124.24849594300007,8.263454761000048],[124.24860616300009,8.26421352600005],[124.24905721800008,8.264820356000028],[124.24948531300005,8.264699738000047],[124.2508325660001,8.265835213000056]]]}},{"id":"31455","type":"Feature","properties":{"adm1_psgc":1000000000,"adm2_psgc":1030900000,"adm3_psgc":1030900000,"adm4_psgc":1030900010,"adm4_en":"Kabacsanan","geo_level":"Bgy","len_crs":26435,"area_crs":11789819,"len_km":26,"area_km2":11.0},"geometry":{"type":"Polygon","coordinates":[[[124.33925065800008,8.30751775400006],[124.34285934800005,8.295533707000061],[124.34844698500001,8.291475926000032],[124.31263676800006,8.276438800000049],[124.3100182830001,8.274552070000025],[124.3043977310001,8.276329460000055],[124.28321861100005,8.275389455000038],[124.28058732000012,8.271995471000023],[124.28058732000012,8.269917132000046],[124.28241778400003,8.269097237000038],[124.28341058900003,8.267658895000068],[124.28311424900005,8.267185912000059],[124.28039124500003,8.26619687600004],[124.27925406600002,8.265235268000028],[124.27863756400006,8.265197957000051],[124.27806796400012,8.265651373000024],[124.27667702200007,8.266006117000073],[124.272919967,8.265776578000043],[124.27232200000003,8.265285014000028],[124.2654903790001,8.269554121000056],[124.26695273100005,8.270041876000048],[124.27671834500006,8.27827991300006],[124.27675958600004,8.286456484000041],[124.27918948300011,8.285887700000046],[124.28240884800006,8.284423902000071],[124.28346706900004,8.28434783800003],[124.28462987500006,8.284724691000065],[124.28558140300002,8.284011738000057],[124.28580839300001,8.283376282000058],[124.28643688400007,8.28338351400004],[124.28626576200008,8.282272459000069],[124.28804883900011,8.283197871000025],[124.28932072700003,8.282306069000072],[124.29184600700012,8.281244514000038],[124.29247008300001,8.283855494000022],[124.29321046600012,8.284554521000075],[124.29312838700002,8.28293316500003],[124.29349327400008,8.281391174000019],[124.29312752500005,8.28029617100003],[124.29359758600003,8.279724951000048],[124.29476222100003,8.279931574000045],[124.29682802500008,8.281308497000056],[124.2974885550001,8.282513392000052],[124.29795254600005,8.28245196000006],[124.29853741200009,8.281559382000069],[124.29957810400003,8.28194929600005],[124.30133326800001,8.282005930000025],[124.30161730700003,8.282467884000024],[124.30361324600007,8.281537105000039],[124.30439076800008,8.282038101000069],[124.30490345100009,8.283065424000029],[124.30442123300008,8.28451586600005],[124.30554606200008,8.286109965000037],[124.30651953300003,8.289010391000033],[124.30665431600005,8.290427147000058],[124.3079379090001,8.289932782000049],[124.30895592600007,8.290428486000055],[124.30978124100012,8.290283602000045],[124.31019806600013,8.29145602500006],[124.31104698800004,8.292496352000057],[124.31255615400005,8.292626419000044],[124.31313013500005,8.291795396000056],[124.31377386900009,8.292207329000064],[124.3146277080001,8.29166927700004],[124.31591131800006,8.292030759000054],[124.31628866000007,8.292551565000053],[124.31610989400009,8.293412038000042],[124.31684295400011,8.294634619000021],[124.31700889800005,8.295613722000041],[124.31849081100006,8.297271856000066],[124.3198866910001,8.297385820000047],[124.32036671600008,8.297842315000024],[124.32088284400004,8.297648821000054],[124.33601949500006,8.303149961000031],[124.335563578,8.303796397000038],[124.33561317400006,8.304504056000043],[124.33682675900003,8.305341547000067],[124.33725623200009,8.305140527000047],[124.33755295200001,8.304397635000042],[124.33797376200003,8.304498434000038],[124.33833037500006,8.30532817900007],[124.33882883500007,8.305547629000046],[124.33818140100004,8.306111487000067],[124.33847058700007,8.30744813500007],[124.33925065800008,8.30751775400006]]]}},{"id":"31456","type":"Feature","properties":{"adm1_psgc":1000000000,"adm2_psgc":1030900000,"adm3_psgc":1030900000,"adm4_psgc":1030900011,"adm4_en":"Kiwalan","geo_level":"Bgy","len_crs":17044,"area_crs":7632316,"len_km":17,"area_km2":7.0},"geometry":{"type":"Polygon","coordinates":[[[124.29040831700001,8.300134187000028],[124.30221601600012,8.299082893000048],[124.30660885300006,8.289555674000043],[124.30532003900008,8.28554248000006],[124.30442123300008,8.28451586600005],[124.30494320000003,8.283199837000039],[124.30430252000008,8.28193788500005],[124.30317219900009,8.281554441000024],[124.30161730700003,8.282467884000024],[124.30133326800001,8.282005930000025],[124.29957810400003,8.28194929600005],[124.29853741200009,8.281559382000069],[124.29795254600005,8.28245196000006],[124.2974885550001,8.282513392000052],[124.29682802500008,8.281308497000056],[124.29476222100003,8.279931574000045],[124.2937314620001,8.279701050000027],[124.29312752500005,8.28029617100003],[124.29349327400008,8.281391174000019],[124.29312838700002,8.28293316500003],[124.29321046600012,8.284554521000075],[124.29247008300001,8.283855494000022],[124.29184600700012,8.281244514000038],[124.28932072700003,8.282306069000072],[124.28804883900011,8.283197871000025],[124.28626576200008,8.282272459000069],[124.28643688400007,8.28338351400004],[124.28580839300001,8.283376282000058],[124.28558140300002,8.284011738000057],[124.28462987500006,8.284724691000065],[124.28346706900004,8.28434783800003],[124.28240884800006,8.284423902000071],[124.27918948300011,8.285887700000046],[124.27675958600004,8.286456484000041],[124.27666875700004,8.278222842000046],[124.27611343000001,8.27818617300005],[124.27548299800003,8.27902560800004],[124.27505249200011,8.27874409900005],[124.2746502780001,8.279280181000043],[124.27428947100009,8.279236532000025],[124.27422261800008,8.279727242000034],[124.27375638200012,8.279406241000059],[124.27302147700004,8.280330930000048],[124.27207657800011,8.28068669600003],[124.27193451400002,8.280348526000065],[124.27138278100006,8.280605655000043],[124.27037612900006,8.28013604900002],[124.26963797000009,8.279374199000074],[124.2691755080001,8.279507532000025],[124.26874817200009,8.279202171000067],[124.26884486800007,8.278670682000039],[124.26813059900009,8.278886112000068],[124.26802085300005,8.277984795000064],[124.26720495300002,8.278000097000072],[124.2666577440001,8.277657754000074],[124.26602711600005,8.278321840000045],[124.26471513300011,8.278482903000054],[124.26414813500004,8.279486255000053],[124.26410253000007,8.280829944000061],[124.26295168900005,8.280986277000068],[124.2628426010001,8.28111510000002],[124.26411441100004,8.280854710000028],[124.26421042200003,8.281290365000075],[124.263437306,8.281578927000055],[124.26346373900003,8.281838062000077],[124.26431639200008,8.281651814000043],[124.26450052400004,8.28280954500002],[124.26260718900005,8.286280712000064],[124.26207043500006,8.28653723700006],[124.26188551200005,8.286279560000025],[124.26206097300008,8.286133911000036],[124.26194180600011,8.286052211000026],[124.26126790400008,8.286722990000044],[124.26186268900007,8.286882025000066],[124.26117042400006,8.287530012000046],[124.26242623900009,8.29015453000005],[124.2641706190001,8.291223905000034],[124.2711630870001,8.293680806000053],[124.2739778670001,8.292708459000039],[124.27668390200006,8.293820975000072],[124.27689781200002,8.295759599000062],[124.27798612200003,8.296364773000048],[124.27845948300002,8.297437841000033],[124.27923327600001,8.296674809000024],[124.28152445700006,8.29694464800002],[124.29040831700001,8.300134187000028]]]}},{"id":"31457","type":"Feature","properties":{"adm1_psgc":1000000000,"adm2_psgc":1030900000,"adm3_psgc":1030900000,"adm4_psgc":1030900012,"adm4_en":"Mahayahay","geo_level":"Bgy","len_crs":3086,"area_crs":491405,"len_km":3,"area_km2":0.0},"geometry":{"type":"Polygon","coordinates":[[[124.240240416,8.227039036000065],[124.24486356300008,8.226151710000066],[124.24467914300008,8.225304631000027],[124.24279498100009,8.221941495000067],[124.24126830800004,8.221983888000068],[124.24184552200006,8.219565924000051],[124.23984523300008,8.219463967000024],[124.23737894300005,8.22048766100005],[124.23687583300011,8.221039795000022],[124.23678289500003,8.222035205000052],[124.23781711000005,8.225493009000049],[124.23781002700004,8.22636723200003],[124.24006630800012,8.225952250000034],[124.240240416,8.227039036000065]]]}},{"id":"31458","type":"Feature","properties":{"adm1_psgc":1000000000,"adm2_psgc":1030900000,"adm3_psgc":1030900000,"adm4_psgc":1030900013,"adm4_en":"Mainit","geo_level":"Bgy","len_crs":23153,"area_crs":24299440,"len_km":23,"area_km2":24.0},"geometry":{"type":"Polygon","coordinates":[[[124.42078833800008,8.31378875200005],[124.41626880700005,8.312088053000023],[124.41470990800008,8.310731972000042],[124.40441528100007,8.287791875000037],[124.38570513000002,8.266605049000074],[124.36204745900012,8.280296136000059],[124.34844698500001,8.291475926000032],[124.3521380100001,8.293311836000042],[124.3520878710001,8.294928059000028],[124.35264416500003,8.295930215000054],[124.35354073000008,8.295850312000024],[124.35429137400003,8.296403758000054],[124.35586475100001,8.295353349000038],[124.35643355100002,8.296648054000057],[124.35814379800001,8.297038938000073],[124.3585734940001,8.297584167000025],[124.3594273650001,8.297492818000023],[124.36189486100011,8.298686196000066],[124.36470350500007,8.300684670000066],[124.3652133700001,8.301638296000021],[124.36608924600012,8.301746038000035],[124.3666335700001,8.304098853000024],[124.36621243300011,8.30540661200007],[124.36739896900006,8.30676545400007],[124.3673556100001,8.307070404000056],[124.366324307,8.30769246800003],[124.36697664500002,8.308005540000066],[124.36649602900003,8.309355272000062],[124.36675817900004,8.31087401700006],[124.3673523540001,8.311196001000042],[124.368358896,8.310738050000051],[124.36932867400003,8.312296823000054],[124.37086555400005,8.312026498000021],[124.37214690600003,8.312663892000046],[124.37971581200009,8.318074466000041],[124.40285590600003,8.315251463000038],[124.42582695800002,8.318377792000035],[124.42078833800008,8.31378875200005]]]}},{"id":"31459","type":"Feature","properties":{"adm1_psgc":1000000000,"adm2_psgc":1030900000,"adm3_psgc":1030900000,"adm4_psgc":1030900014,"adm4_en":"Mandulog","geo_level":"Bgy","len_crs":16389,"area_crs":11525533,"len_km":16,"area_km2":11.0},"geometry":{"type":"Polygon","coordinates":[[[124.29064559300002,8.25632067200007],[124.2916386720001,8.25553977900006],[124.29301434700005,8.255717828000055],[124.2940329280001,8.255471940000065],[124.29525727900011,8.254495987000041],[124.29754507900009,8.255887638000045],[124.2983398230001,8.255884163000074],[124.29989303600007,8.254453472000025],[124.30181383900005,8.253802655000074],[124.30278025700012,8.251586556000063],[124.30409779500008,8.250420750000048],[124.3051999690001,8.24992830000002],[124.30789098600007,8.249852474000019],[124.31068549400005,8.248931665000043],[124.31338333400004,8.246178796000038],[124.31663834600012,8.24504937100005],[124.31846500900009,8.244785015000048],[124.32206997900003,8.242724970000038],[124.32263048800009,8.242959506000034],[124.3243249430001,8.245126058000038],[124.32553898900007,8.245671859000025],[124.32912538900008,8.245533704000021],[124.33065502700003,8.24497654400005],[124.33116949100008,8.244329152000036],[124.33109948800006,8.243736708000025],[124.3314764370001,8.243473907000064],[124.33030237000003,8.232748501000057],[124.32778528100005,8.229542682000043],[124.32838546100002,8.228266635000066],[124.32865460900007,8.226077495000027],[124.28707367100003,8.234816321000036],[124.28208422600007,8.237616951000064],[124.28251164300002,8.238686382000026],[124.28165305400012,8.244118988000027],[124.27972440600003,8.246355544000037],[124.2762569350001,8.248895694000055],[124.28500286700012,8.253868400000044],[124.28637148300002,8.254960594000067],[124.28694632400004,8.253792659000052],[124.2877294430001,8.253766079000059],[124.28813136400005,8.254229676000023],[124.28851747300007,8.255843346000063],[124.29064559300002,8.25632067200007]]]}},{"id":"31460","type":"Feature","properties":{"adm1_psgc":1000000000,"adm2_psgc":1030900000,"adm3_psgc":1030900000,"adm4_psgc":1030900015,"adm4_en":"Maria Cristina","geo_level":"Bgy","len_crs":11095,"area_crs":4927941,"len_km":11,"area_km2":4.0},"geometry":{"type":"Polygon","coordinates":[[[124.20279121700004,8.210534324000037],[124.20352915300009,8.209724872000038],[124.20573218000004,8.204124083000067],[124.20551071800003,8.204067373000044],[124.20689047700013,8.201866367000036],[124.2069979690001,8.199431200000047],[124.20796619400005,8.198588378000068],[124.20766050100008,8.196552886000061],[124.208244282,8.19545587600004],[124.20767162100003,8.192714539000063],[124.20824896300007,8.191301012000054],[124.20902028400008,8.19110919600007],[124.2090281200001,8.19025076400004],[124.20956796700013,8.18987752100003],[124.21011390500007,8.188679943000068],[124.2099272280001,8.186764839000034],[124.2103747860001,8.18444343800007],[124.21030043000007,8.184068673000072],[124.20973333400002,8.183831010000063],[124.2082659040001,8.182170819000023],[124.20776750800009,8.181079222000047],[124.20801447700002,8.18010217600005],[124.20779202600009,8.179505381000066],[124.20700991400008,8.17918981400004],[124.20131229800006,8.178844249000067],[124.19707883200012,8.17949246100005],[124.19659128900003,8.180515454000043],[124.19674923700005,8.181719825000073],[124.1953539640001,8.183153692000076],[124.19489395100004,8.183257584000046],[124.19450234700001,8.182922301000076],[124.19357622600012,8.183792697000058],[124.1908593390001,8.18736277000005],[124.1906062920001,8.188036605000034],[124.19134714600013,8.190306434000036],[124.19156958300006,8.192576143000055],[124.19080322500008,8.193915977000074],[124.18966009400003,8.194625123000039],[124.18905158200006,8.19566898100004],[124.18990875600001,8.196195903000046],[124.18973855500006,8.19664359700005],[124.19006500800002,8.197436161000041],[124.1905685910001,8.19746222900005],[124.192356505,8.198639247000072],[124.19328664000012,8.19956181600003],[124.19536680000009,8.20081517800003],[124.19574971400004,8.201296769000066],[124.19561873200007,8.201608280000071],[124.1965337900001,8.201769700000057],[124.19705061900004,8.202209674000075],[124.19699517700006,8.202599682000024],[124.19799556500004,8.202864938000062],[124.19998948100012,8.204340071000047],[124.20044441700009,8.20512117000004],[124.2004055000001,8.20579355700005],[124.19971649000003,8.205870459000039],[124.19959059500002,8.206490624000027],[124.19878104000009,8.206227775000059],[124.19939748800006,8.206627320000052],[124.1990094250001,8.206745511000063],[124.19892806400003,8.207135831000075],[124.19943113600003,8.206651974000069],[124.2008902440001,8.207722076000039],[124.20053295600009,8.20872735200004],[124.20075509000002,8.208797308000042],[124.20094836300005,8.208141473000067],[124.20115487600005,8.20836096000005],[124.20135163300006,8.208117422000043],[124.2016907960001,8.20915945000007],[124.20144028100003,8.209261421000063],[124.20149067300008,8.209801642000057],[124.20220022700006,8.210494943000068],[124.20279121700004,8.210534324000037]]]}},{"id":"31461","type":"Feature","properties":{"adm1_psgc":1000000000,"adm2_psgc":1030900000,"adm3_psgc":1030900000,"adm4_psgc":1030900016,"adm4_en":"Palao","geo_level":"Bgy","len_crs":8087,"area_crs":1931247,"len_km":8,"area_km2":1.0},"geometry":{"type":"Polygon","coordinates":[[[124.250253831,8.237798835000035],[124.25251737700012,8.235083743000075],[124.25187578600004,8.23201019100003],[124.25395965200006,8.23181063100003],[124.2556442140001,8.230255679000038],[124.25600983400011,8.228591941000046],[124.25710749200005,8.228455354000062],[124.25941392400011,8.22961204200004],[124.26262075000012,8.229858939000055],[124.26349826100011,8.22862987900004],[124.26218709600006,8.226885164000066],[124.26387771700001,8.223186766000024],[124.26377213700003,8.222852489000047],[124.262978835,8.223054619000036],[124.26082800100004,8.221699629000053],[124.25973876600004,8.221462169000063],[124.25848332700002,8.22155258500004],[124.2563604830001,8.222347413000024],[124.25472806100004,8.22192025100003],[124.25224302600009,8.222590297000066],[124.25236929100002,8.222936071000051],[124.25126025100009,8.224119482000049],[124.25143469800003,8.22465931200003],[124.25120463100008,8.224949717000072],[124.240240416,8.227039036000065],[124.24046612000005,8.22862363300004],[124.2452888570001,8.227995989000021],[124.24624932100006,8.230028487000025],[124.24663432700004,8.23381685300006],[124.24717293800008,8.233431111000073],[124.24807161500009,8.234243199000046],[124.250253831,8.237798835000035]]]}},{"id":"31462","type":"Feature","properties":{"adm1_psgc":1000000000,"adm2_psgc":1030900000,"adm3_psgc":1030900000,"adm4_psgc":1030900017,"adm4_en":"Poblacion","geo_level":"Bgy","len_crs":3669,"area_crs":355956,"len_km":3,"area_km2":0.0},"geometry":{"type":"Polygon","coordinates":[[[124.23219917300004,8.232309831000068],[124.23455789500008,8.231223885000077],[124.23836789100007,8.230909526000058],[124.23860486700005,8.230557131000069],[124.23827515000005,8.23039303200005],[124.23853583900006,8.230216788000066],[124.24088612100003,8.231280063000042],[124.24006630800012,8.225952250000034],[124.23781002700004,8.22636723200003],[124.23719489100006,8.227113005000033],[124.235896625,8.227870316000065],[124.232910123,8.228183305000075],[124.23335800200003,8.230345293000026],[124.23312813200005,8.230493201000058],[124.23293730000012,8.230206549000059],[124.23303376700007,8.230682706000039],[124.23228192800002,8.230790649000028],[124.23240927800009,8.231051884000067],[124.23172920900005,8.231397657000059],[124.23266084400008,8.231268481000027],[124.23270438900012,8.23196616100006],[124.23219917300004,8.232309831000068]]]}},{"id":"31463","type":"Feature","properties":{"adm1_psgc":1000000000,"adm2_psgc":1030900000,"adm3_psgc":1030900000,"adm4_psgc":1030900018,"adm4_en":"Puga-an","geo_level":"Bgy","len_crs":28082,"area_crs":26389392,"len_km":28,"area_km2":26.0},"geometry":{"type":"Polygon","coordinates":[[[124.28208422600007,8.237616951000064],[124.28707367100003,8.234816321000036],[124.28692899800001,8.232660286000055],[124.2910784280001,8.229120135000075],[124.29170037300001,8.228876220000075],[124.29191709200006,8.229876408000054],[124.29292565200001,8.23021878000003],[124.29349463800008,8.229743745000066],[124.29380343500009,8.228735090000045],[124.29518823400008,8.228556856000068],[124.29476238600012,8.22703898700007],[124.29507708500012,8.22637792300003],[124.29677718200003,8.226649162000056],[124.29735599700008,8.226460592000025],[124.29749494300006,8.224975426000071],[124.2963592860001,8.223759312000027],[124.29761606800002,8.222858219000045],[124.29826473700007,8.220417440000062],[124.29870765500006,8.220050293000039],[124.29982568100002,8.221790761000022],[124.300741215,8.221411150000051],[124.3008829260001,8.22015458200002],[124.2994100210001,8.219594880000045],[124.29940933900001,8.218970988000024],[124.30017706600006,8.218495637000048],[124.3011122900001,8.218622275000028],[124.3014507460001,8.217392219000033],[124.30313870500004,8.217040925000049],[124.30380166900011,8.216312191000043],[124.30379205000008,8.215594921000045],[124.30563177500007,8.214933734000054],[124.30740744000002,8.210994480000066],[124.30738069000006,8.210264995000045],[124.30885611700012,8.209196760000053],[124.30957375000003,8.208096682000077],[124.3092837150001,8.206747409000057],[124.3100471880001,8.206123930000047],[124.31014739500006,8.205635202000053],[124.30844671700004,8.204754345000024],[124.30767191500001,8.203981466000071],[124.307532164,8.203036096000064],[124.30838386100004,8.202493955000019],[124.30860135600007,8.20191348700007],[124.30731132100006,8.199010713000066],[124.3080789280001,8.197054103000026],[124.30979603900005,8.194965353000043],[124.30877793100001,8.192786475000048],[124.30796081500011,8.192380094000043],[124.30809780900007,8.191095602000075],[124.30872753500012,8.189241645000038],[124.31088694500012,8.187526017000035],[124.3112002490001,8.186966718000066],[124.31083015000003,8.186080615000037],[124.3113109630001,8.186025981000057],[124.31009194300009,8.184285126000077],[124.30968262500005,8.184362917000042],[124.30985957400003,8.185126928000047],[124.30855006600007,8.184696718000055],[124.30889004100004,8.183635188000038],[124.30937404600003,8.18336655300004],[124.3082140890001,8.182658209000065],[124.30909671300002,8.180485722000071],[124.30818685400003,8.179291237000028],[124.30986065600007,8.178418682000029],[124.31023562600002,8.177924266000048],[124.31038932800003,8.177502650000065],[124.30990061600005,8.176712634000069],[124.3101390490001,8.176142765000066],[124.31231214800005,8.175383269000065],[124.30418100700001,8.167761438000069],[124.30431335900006,8.168888199000035],[124.30407322400004,8.16927248300004],[124.3015392850001,8.168758364000041],[124.30085493000001,8.168113239000032],[124.29945528700011,8.16929919000006],[124.29832760500005,8.169461053000022],[124.29783784900006,8.170745116000036],[124.29779432300006,8.172908301000064],[124.29805996700009,8.173638276000077],[124.29724356000008,8.173575440000032],[124.29698445800011,8.174805779000053],[124.29571686900012,8.174915005000058],[124.29529741300007,8.17527652100006],[124.29545495500008,8.17682486800004],[124.29448555900002,8.177341667000064],[124.29497174200004,8.178744752000059],[124.29376964100003,8.180506649000051],[124.29406205800002,8.181758619000048],[124.29304974600007,8.18211220400002],[124.29085697300003,8.180096649000062],[124.29075752300002,8.179673789000049],[124.29136061800011,8.178883179000024],[124.29134368000007,8.178430548000051],[124.2903384530001,8.177365912000027],[124.2894496780001,8.176961201000037],[124.28708738700003,8.17725658200004],[124.28693562800004,8.178255814000067],[124.28643250400013,8.178686502000062],[124.2831254460001,8.179471723000063],[124.28292996300002,8.180475298000033],[124.28113640200002,8.183092781000028],[124.28151750100005,8.184563713000047],[124.28243269200006,8.18609228100007],[124.28237793900009,8.186586060000023],[124.28100695000012,8.188006784000036],[124.28069203200003,8.189237387000048],[124.2785629890001,8.190792670000063],[124.27737974800004,8.19056789800004],[124.27731283500009,8.191926770000064],[124.2764938360001,8.192431434000069],[124.27589855800012,8.194048031000023],[124.27454708000005,8.195832494000056],[124.27344489200006,8.196155588000066],[124.27245734700011,8.195921419000058],[124.2680706880001,8.193784463000041],[124.26758936600002,8.192850334000068],[124.26276892800001,8.203518299000054],[124.26083174100006,8.219610688000044],[124.25848332700002,8.22155258500004],[124.26082800100004,8.221699629000053],[124.262978835,8.223054619000036],[124.26386304700009,8.222977068000034],[124.26218709600006,8.226885164000066],[124.26349826100011,8.22862987900004],[124.26262075000012,8.229858939000055],[124.26536881800007,8.230035200000032],[124.26982557600003,8.235871509000049],[124.27370084500001,8.235655117000022],[124.27801838900007,8.237096320000033],[124.28121971000007,8.23714204700002],[124.28208422600007,8.237616951000064]]]}},{"id":"31464","type":"Feature","properties":{"adm1_psgc":1000000000,"adm2_psgc":1030900000,"adm3_psgc":1030900000,"adm4_psgc":1030900019,"adm4_en":"Rogongon","geo_level":"Bgy","len_crs":88865,"area_crs":194223869,"len_km":88,"area_km2":194.0},"geometry":{"type":"Polygon","coordinates":[[[124.46070924700007,8.326873040000065],[124.47745729200005,8.304272188000027],[124.50703357400006,8.239915808000035],[124.51008559800005,8.226181700000039],[124.51507276400002,8.194448402000033],[124.52011239600004,8.172480796000059],[124.5356971560001,8.160570492000033],[124.56610644400007,8.16082390200006],[124.56705519500008,8.160145672000052],[124.56423851900001,8.158266540000056],[124.56459530000006,8.157546703000037],[124.56697174500005,8.156347578000064],[124.5671004950001,8.155229180000045],[124.56624491500008,8.154875924000065],[124.56478141600007,8.155750716000057],[124.56399709000004,8.155581014000063],[124.56386903500004,8.154850004000025],[124.5644827650001,8.153497862000052],[124.56372769400002,8.151140019000023],[124.56277843700002,8.150616209000017],[124.56096343200012,8.150714394000033],[124.55990358500004,8.150304626000036],[124.5593124820001,8.147771054000032],[124.55825191100006,8.14605880600004],[124.55471280800009,8.14563531500005],[124.55307981600004,8.144938194000076],[124.55245870300007,8.14427602300003],[124.49892875400008,8.144089777000033],[124.49797851800008,8.146408800000074],[124.49672776300008,8.147857592000035],[124.4953237630001,8.149014575000022],[124.49345299600009,8.149160693000052],[124.49233314300011,8.151095891000068],[124.48890097200002,8.150993565000022],[124.48831020600005,8.152086919000055],[124.48851205700011,8.153196344000039],[124.48815043700004,8.154403892000062],[124.48734110300006,8.154612700000028],[124.48599286500009,8.153980036000064],[124.48426424600007,8.154716393000058],[124.48408969100001,8.155477319000056],[124.48535951600002,8.156392039000025],[124.48597187200005,8.15750558700006],[124.48532355200007,8.158895939000045],[124.48420959200007,8.158275346000039],[124.48424168700001,8.159902417000067],[124.48242054,8.160932570000057],[124.48117433300001,8.162647479000043],[124.48123857000009,8.163486510000041],[124.48231018100012,8.164001187000054],[124.48252832000003,8.164541970000073],[124.48225773800004,8.165841045000034],[124.48249861400008,8.167215831000021],[124.48233097800005,8.168311078000043],[124.48095112300008,8.170239308000022],[124.48141246700003,8.170988408000024],[124.48244709400002,8.171498060000031],[124.48102236900003,8.172524038000061],[124.48107669000001,8.173517651000056],[124.48250036600007,8.173693792000051],[124.48371844500002,8.17490136500004],[124.48386590300004,8.175547519000078],[124.48322253100002,8.175801997000065],[124.48220012600008,8.17557635600002],[124.48160487700012,8.175876286000063],[124.48156329500013,8.176345154000044],[124.4824329720001,8.177160291000064],[124.48245009200002,8.178286326000034],[124.4821577570001,8.178491458000053],[124.48065609000002,8.178145000000029],[124.47989393500008,8.176744428000063],[124.47910118400013,8.176393160000028],[124.47854482200012,8.176347923000035],[124.47645689800005,8.177226353000036],[124.47672378900006,8.17950707500006],[124.47623857400005,8.181107377000044],[124.47526764200006,8.182149233000072],[124.47403629400004,8.182656373000041],[124.47142427000006,8.182043219000038],[124.47053233400003,8.182363116000035],[124.47034244700001,8.182848714000043],[124.4708648070001,8.183887190000066],[124.469950647,8.185146510000036],[124.46903974400004,8.187627144000032],[124.46861455700001,8.187571549000042],[124.46862061000002,8.186403312000039],[124.46799824800007,8.18581506700002],[124.46550434500011,8.185720771000035],[124.4652044940001,8.186778975000038],[124.46435841200002,8.186245244000075],[124.46188975200005,8.186768293000059],[124.4614120010001,8.186352796000053],[124.46152117900009,8.184872350000036],[124.4608081340001,8.184334393000027],[124.45737067400012,8.184893111000065],[124.45590011900003,8.183941664000029],[124.45528736400001,8.184636638000029],[124.45449486100004,8.184776882000051],[124.45383458100002,8.183673146000048],[124.45278052400012,8.183305439000039],[124.4502617170001,8.183947327000057],[124.44974723300004,8.183230862000071],[124.448966099,8.18321637400004],[124.44785212500005,8.183849459000045],[124.4464914040001,8.18521219400003],[124.44594076500003,8.185116169000025],[124.44547488200011,8.184588690000055],[124.44457935600008,8.184545205000063],[124.44213138700002,8.185641176000047],[124.44178325000007,8.186514251000062],[124.442334446,8.188545610000062],[124.44140390400003,8.188567206000075],[124.4402335870001,8.18941884500003],[124.4400903070001,8.190065115000037],[124.43920531800006,8.190406256000074],[124.43944008900009,8.191306249000036],[124.43804216800004,8.191382624000028],[124.43623217100003,8.193039391000069],[124.43512140200004,8.193446691000075],[124.43453407000005,8.194482362000029],[124.43409211500013,8.194097788000022],[124.43099710600006,8.193371255000043],[124.42909424000005,8.191853113000036],[124.42551066500005,8.190167489000032],[124.4251994320001,8.190477122000061],[124.42553727000006,8.191202632000056],[124.42493182600003,8.192019477000033],[124.424362061,8.191757383000038],[124.42387795300012,8.190440680000052],[124.4231822370001,8.190648381000074],[124.42298595100009,8.19242095200002],[124.42348330100003,8.19356082300004],[124.42231208600003,8.194555211000022],[124.42060110000011,8.194932430000051],[124.41970474900006,8.195966956000065],[124.41818619800006,8.195537828000054],[124.4170080990001,8.195768557000065],[124.41650751900012,8.194536900000061],[124.41469249200009,8.194271539000056],[124.4129524760001,8.193416086000068],[124.41238009900007,8.19356126100007],[124.41001821900011,8.19588406300005],[124.40830753700004,8.196411306000073],[124.40819399600001,8.19555174200002],[124.40656687100012,8.194830165000042],[124.40621290600006,8.193448072000022],[124.40525239300007,8.19246756600006],[124.40430686700007,8.192056741000046],[124.40351307800007,8.192177990000062],[124.40279225000006,8.193231149000038],[124.4008960540001,8.192537431000062],[124.40064614500012,8.192897887000072],[124.40080211200006,8.193867321000027],[124.40226831800011,8.194955984000048],[124.4021725,8.196560422000063],[124.40112631600003,8.196998785000062],[124.40036017200009,8.197919346000047],[124.400087428,8.19887004100002],[124.40009001200008,8.199883430000057],[124.40086033400009,8.200633503000065],[124.40122856900008,8.201657882000063],[124.40271485200003,8.202588082000032],[124.40463443500006,8.202643677000026],[124.40649446200007,8.203485513000032],[124.4092962630001,8.20405241700007],[124.4098805220001,8.20428348300004],[124.4098260930001,8.20498331300007],[124.40866173200006,8.205564397000046],[124.40725157100009,8.20559802200006],[124.40566084200009,8.206900018000052],[124.40414427600001,8.20748043800006],[124.4033704410001,8.20543275700004],[124.40242010200005,8.205561014000068],[124.40183962800006,8.20517594300003],[124.40097130000004,8.20519355400006],[124.39937076000001,8.207192363000047],[124.39854677100004,8.206656842000031],[124.3968119330001,8.206615593000036],[124.39567139200007,8.207055522000077],[124.39382560500007,8.208842718000028],[124.39192046200003,8.211260318000027],[124.39221586200007,8.212983155000073],[124.39060509800004,8.215210986000045],[124.39064819500005,8.216086655000025],[124.39082175500006,8.216418075000037],[124.39258382300011,8.216641294000057],[124.39487220900003,8.215361569000038],[124.39621379700009,8.214206174000028],[124.3977355390001,8.214950196000075],[124.39796344200012,8.215393689000054],[124.39769311100007,8.216346031000056],[124.3959287670001,8.21814271200003],[124.39394141500009,8.217780475000042],[124.39304948900008,8.217976507000063],[124.39267410400011,8.218400617000045],[124.39224616400008,8.220413940000073],[124.39150991600002,8.220224260000066],[124.38993535900012,8.22070055000006],[124.38831509900001,8.220564717000055],[124.38718571000004,8.221363752000059],[124.38601587200002,8.221158771000034],[124.38562556700003,8.22165500500006],[124.38537948400007,8.222955849000071],[124.38378571400006,8.22291733700007],[124.38295798500009,8.223338300000023],[124.38287581500003,8.223709195000026],[124.38341604400011,8.224403497000026],[124.3832380340001,8.224720647000026],[124.38210691500002,8.224928155000043],[124.38072763300009,8.224296917000062],[124.37911853100002,8.224796423000042],[124.37907709800005,8.22575634900005],[124.3804091390001,8.226780866000068],[124.38057619900006,8.22746456300007],[124.38010314000007,8.228260664000063],[124.37873792300002,8.228818628000056],[124.37882641600005,8.229653189000032],[124.37947306300009,8.23002052100003],[124.3803459180001,8.229988797000031],[124.38153905300011,8.228410422000024],[124.38252845000011,8.227990408000041],[124.38400039700002,8.228839117000062],[124.38454173400011,8.230043697000042],[124.38387652300004,8.230971580000071],[124.38327374900008,8.233329331000048],[124.38300968700003,8.233544232000039],[124.38180044800005,8.233124958000076],[124.38085278300002,8.233327610000059],[124.38046949900001,8.233742517000051],[124.38024215200005,8.234279635000064],[124.38041576100011,8.236688788000036],[124.37954764200003,8.237522635000062],[124.37879497200004,8.237328022000042],[124.37757245900004,8.236154398000053],[124.37660203900009,8.236328083000046],[124.3755056230001,8.237042035000059],[124.3748307310001,8.236565322000045],[124.37454017200004,8.235890653000068],[124.37466594800001,8.235065967000024],[124.37584962100004,8.234683860000077],[124.37772406600006,8.234928643000044],[124.37803342200004,8.234626429000059],[124.37795000300004,8.233537144000021],[124.37666814900001,8.231368309000063],[124.3760862040001,8.231080258000077],[124.375057491,8.231425123000065],[124.37408268700005,8.232694057000058],[124.37292994400003,8.232493161000036],[124.37157351200005,8.232905966000033],[124.37043833800008,8.23346686600007],[124.36963078700012,8.234369574000027],[124.36883146100001,8.234244974000033],[124.36631305600008,8.234723853000046],[124.365467877,8.236670924000062],[124.36398937300011,8.236736685000041],[124.36233656800005,8.236104002000047],[124.3621796430001,8.237509773000054],[124.3625086200001,8.238177017000053],[124.36369749800006,8.238632697000073],[124.36483909700007,8.238201511000055],[124.36610955300013,8.238841594000062],[124.36634099800006,8.239645059000052],[124.36573279700008,8.240659839000044],[124.36639256000002,8.241480430000024],[124.3675148100001,8.239819023000052],[124.36867018200007,8.239502800000025],[124.3681693760001,8.24142276900005],[124.37036087800006,8.242632222000054],[124.36977149300003,8.243772679000074],[124.37022949800007,8.244993648000047],[124.3717968950001,8.246755638000023],[124.37132487300003,8.248239608000063],[124.37156736000007,8.24900793300003],[124.3722170210001,8.249118095000028],[124.37345659100004,8.248387697000055],[124.37469822700008,8.24847800300006],[124.37707097799999,8.250139227000034],[124.37722922800003,8.251484612000072],[124.37676202500008,8.252789574000078],[124.37705091200007,8.254484595000065],[124.37579889200005,8.25619718900003],[124.37589042000002,8.257133196000042],[124.37656505300004,8.258391478000021],[124.37848587800009,8.25911348900007],[124.37878606600007,8.25890105700006],[124.37822491700003,8.258099082000056],[124.37831625000003,8.257730240000058],[124.37864712400005,8.257389377000038],[124.37928026500002,8.257406951000062],[124.38071890800006,8.258254089000047],[124.38157620200002,8.259518568000036],[124.38170180800013,8.261081669000019],[124.3824961140001,8.26109641000005],[124.3832028930001,8.260615845000077],[124.38469208100003,8.262779951000027],[124.38510580300009,8.266312052000043],[124.38570513000002,8.266605049000074],[124.40441528100007,8.287791875000037],[124.41470990800008,8.310731972000042],[124.41626880700005,8.312088053000023],[124.42078833800008,8.31378875200005],[124.42582695800002,8.318377792000035],[124.44824779200009,8.318737222000038],[124.44818288600005,8.320528519000048],[124.44757264600003,8.320367959000066],[124.44745082600001,8.32199263900003],[124.44895561600005,8.322562019000031],[124.45050107600004,8.322724699000048],[124.45155849700006,8.322521349000057],[124.45159916700004,8.320894549000057],[124.45290060700007,8.320365839000033],[124.4547307570001,8.320203159000071],[124.45550348700009,8.320609859000053],[124.45603219700003,8.321626609000019],[124.45603219700003,8.322562019000031],[124.45517812700007,8.32394479900006],[124.45558482700005,8.324676860000066],[124.45631688700007,8.325124230000029],[124.45692693700006,8.324880210000059],[124.45737430700001,8.324392170000065],[124.457357064,8.32279848300004],[124.45799066200006,8.32249726400005],[124.46038388700005,8.324920880000036],[124.4608719270001,8.326100310000072],[124.46070924700007,8.326873040000065]]]}},{"id":"31465","type":"Feature","properties":{"adm1_psgc":1000000000,"adm2_psgc":1030900000,"adm3_psgc":1030900000,"adm4_psgc":1030900021,"adm4_en":"Santa Elena","geo_level":"Bgy","len_crs":9198,"area_crs":3573522,"len_km":9,"area_km2":3.0},"geometry":{"type":"Polygon","coordinates":[[[124.22616711100011,8.200570606000044],[124.2299497030001,8.200321387000029],[124.23113204300012,8.199520559000062],[124.23215981400007,8.197651969000047],[124.23294801500005,8.197179593000044],[124.23341026400009,8.19632113100005],[124.2382385630001,8.198045629000033],[124.23967864200006,8.19684607200003],[124.23995602700008,8.196235096000065],[124.24089661100004,8.195966384000029],[124.24110619900011,8.195396886000028],[124.24046659000008,8.194478097000058],[124.24063788900003,8.193577131000039],[124.24212288900002,8.193145798000048],[124.2413305340001,8.191934645000059],[124.24221122500012,8.191193520000072],[124.24240068800009,8.190145989000031],[124.24294098300004,8.189761837000047],[124.24297736100006,8.189368311000065],[124.24169171000005,8.187525831000071],[124.24014323600012,8.186843533000058],[124.23974402300009,8.186152510000055],[124.23901703900003,8.186094680000055],[124.23625503100004,8.18314066800002],[124.23587526200004,8.181421283000077],[124.23538772100005,8.18067990800006],[124.23557870000002,8.17945288100003],[124.23497114700001,8.17933729600003],[124.23437547900006,8.178605331000028],[124.23277454200002,8.18051450000007],[124.2301236620001,8.180026777000023],[124.22837345500011,8.181225945000051],[124.22687363600006,8.181216797000047],[124.2270436660001,8.182543998000028],[124.22599111600006,8.183250567000073],[124.227263332,8.185149652000066],[124.22407462000001,8.186152476000077],[124.22248865900009,8.188495749000024],[124.22152523900002,8.187793560000046],[124.2210500330001,8.188088091000054],[124.22173016900003,8.189455195000047],[124.22137456600001,8.189846729000068],[124.22184117100007,8.19007405900004],[124.22176866400002,8.19157249600005],[124.2224272630001,8.191668208000065],[124.22203800200009,8.192008153000074],[124.22232266000003,8.195277966000049],[124.22337355600008,8.195156228000032],[124.22317349900003,8.19708550400003],[124.22346042000004,8.197715258000073],[124.22401055900004,8.198195309000026],[124.22492747900003,8.198342558000036],[124.2249788790001,8.199220458000068],[124.22467879700001,8.199261284000045],[124.22468264700001,8.199562749000053],[124.22438077000005,8.199455904000047],[124.22429052600013,8.19994017600004],[124.22616711100011,8.200570606000044]]]}},{"id":"31466","type":"Feature","properties":{"adm1_psgc":1000000000,"adm2_psgc":1030900000,"adm3_psgc":1030900000,"adm4_psgc":1030900022,"adm4_en":"Santa Filomena","geo_level":"Bgy","len_crs":8247,"area_crs":1953529,"len_km":8,"area_km2":1.0},"geometry":{"type":"Polygon","coordinates":[[[124.26091808700005,8.273277232000053],[124.26270410400002,8.271646353000047],[124.2624600700001,8.271359363000043],[124.27232200000003,8.265285014000028],[124.27095606000012,8.26426907600006],[124.2694187420001,8.263745855000025],[124.26762348600005,8.26444972400003],[124.26584472300011,8.26420437300004],[124.265170419,8.263682150000022],[124.26519823800004,8.262632661000055],[124.26478061500006,8.262342616000067],[124.25930257000005,8.260904089000064],[124.25710864300004,8.259872242000027],[124.25663149400008,8.258356736000055],[124.25870770400002,8.257715510000024],[124.26016191200007,8.255127113000071],[124.25779376800004,8.254066814000053],[124.25697927700003,8.25399215300007],[124.25314393100008,8.25524088800006],[124.25318236800001,8.257854609000045],[124.254511932,8.26017732500003],[124.25232898800004,8.264762909000066],[124.25266520800007,8.265037515000072],[124.25245812200001,8.265471878000028],[124.25305164000008,8.266502689000047],[124.25379865200011,8.266868533000038],[124.25425147400007,8.267558075000066],[124.25492637200011,8.267340480000028],[124.25544127600006,8.267545434000057],[124.25735918000011,8.269001392000066],[124.25835682800005,8.270154798000021],[124.2578193810001,8.27094127400005],[124.25825855500011,8.270376315000021],[124.25860778800008,8.270504631000051],[124.259950279,8.271814449000034],[124.260109209,8.272029678000022],[124.25928760800004,8.272982743000055],[124.26003534700011,8.272340227000027],[124.26091808700005,8.273277232000053]]]}},{"id":"31467","type":"Feature","properties":{"adm1_psgc":1000000000,"adm2_psgc":1030900000,"adm3_psgc":1030900000,"adm4_psgc":1030900024,"adm4_en":"Suarez","geo_level":"Bgy","len_crs":13153,"area_crs":5717950,"len_km":13,"area_km2":5.0},"geometry":{"type":"Polygon","coordinates":[[[124.21490975100005,8.212410789000046],[124.215628196,8.210115466000047],[124.21731008200005,8.21031965900005],[124.21675356900006,8.212182817000043],[124.21696462400008,8.212253356000076],[124.21754486400003,8.210346482000034],[124.21870699900012,8.209395922000056],[124.2184672080001,8.208180166000034],[124.21902606700006,8.20753529400002],[124.21872867100001,8.20691207900006],[124.2190942950001,8.20621396000007],[124.22028083400006,8.205528525000036],[124.22053399200003,8.204360134000067],[124.22182283600011,8.20361432300007],[124.22198184700007,8.202413253000032],[124.2225869010001,8.202474357000026],[124.22300486000006,8.201772965000032],[124.22267600900011,8.201137749000052],[124.22288784800003,8.200704095000049],[124.22336946500002,8.200748332000046],[124.223706246,8.199975917000076],[124.22426088500004,8.19996181500005],[124.22438077000005,8.199455904000047],[124.22468264700001,8.199562749000053],[124.22498878800002,8.199190540000071],[124.22487698900012,8.19823912100003],[124.22401055900004,8.198195309000026],[124.2231875650001,8.197132178000059],[124.22337355600008,8.195156228000032],[124.22232266000003,8.195277966000049],[124.22203800200009,8.192008153000074],[124.2224272630001,8.191668208000065],[124.22176866400002,8.19157249600005],[124.22184117100007,8.19007405900004],[124.22137456600001,8.189846729000068],[124.22173016900003,8.189455195000047],[124.22104062400003,8.18813964000003],[124.22151141200005,8.187681953000038],[124.22082834600008,8.187673732000063],[124.22101969700007,8.187465963000019],[124.22059855700002,8.186889024000038],[124.21972502200003,8.186889671000074],[124.21935575200007,8.179319444000042],[124.21858836700005,8.179048003000048],[124.21802634700008,8.175760278000041],[124.21459451800003,8.173307834000072],[124.20730263100006,8.179471532000036],[124.20796243200006,8.179660196000043],[124.20776750800009,8.181079222000047],[124.2082659040001,8.182170819000023],[124.21035342700009,8.18418423200006],[124.2099272280001,8.186764839000034],[124.21012770000004,8.18860802200004],[124.20956796700013,8.18987752100003],[124.2090281200001,8.19025076400004],[124.20902028400008,8.19110919600007],[124.20824896300007,8.191301012000054],[124.20768527900007,8.192648692000036],[124.208244282,8.19545587600004],[124.20766050100008,8.196552886000061],[124.20796619400005,8.198588378000068],[124.2069979690001,8.199431200000047],[124.20704984400005,8.201422500000035],[124.20551071800003,8.204067373000044],[124.20573218000004,8.204124083000067],[124.20338114300013,8.209963552000033],[124.20426761500005,8.210523233000057],[124.20717488600008,8.21027325700004],[124.20915738700013,8.211037604000069],[124.21248333500012,8.211432933000026],[124.21490975100005,8.212410789000046]]]}},{"id":"31468","type":"Feature","properties":{"adm1_psgc":1000000000,"adm2_psgc":1030900000,"adm3_psgc":1030900000,"adm4_psgc":1030900025,"adm4_en":"Tambacan","geo_level":"Bgy","len_crs":3959,"area_crs":548618,"len_km":3,"area_km2":0.0},"geometry":{"type":"Polygon","coordinates":[[[124.2365880000001,8.227564531000043],[124.23789459600005,8.226107088000049],[124.2369088270001,8.223090074000027],[124.2367854700001,8.221444978000022],[124.23713227500004,8.220674389000068],[124.2380779560001,8.220145921000041],[124.23611407300008,8.219188776000065],[124.23650878600006,8.218696902000032],[124.23428773300009,8.218645694000031],[124.23248646800003,8.218237383000028],[124.23172231400008,8.218520637000038],[124.23113597700001,8.218938609000077],[124.2321336230001,8.220894022000037],[124.23211241000003,8.222604612000053],[124.2315643290001,8.222840139000025],[124.2319953670001,8.223254762000067],[124.23240984300003,8.224572844000022],[124.23228182200013,8.226617417000055],[124.23268839200011,8.227278975000047],[124.23332978800009,8.22744207900007],[124.23240377100001,8.22659070700007],[124.23255096300012,8.225948756000033],[124.23441113200012,8.22790600600007],[124.23549312300008,8.227972090000037],[124.2365880000001,8.227564531000043]]]}},{"id":"31469","type":"Feature","properties":{"adm1_psgc":1000000000,"adm2_psgc":1030900000,"adm3_psgc":1030900000,"adm4_psgc":1030900026,"adm4_en":"Saray","geo_level":"Bgy","len_crs":3455,"area_crs":548804,"len_km":3,"area_km2":0.0},"geometry":{"type":"Polygon","coordinates":[[[124.23787127100002,8.237336510000034],[124.2404499610001,8.235512749000064],[124.24123986500001,8.235577122000054],[124.24411985000006,8.234572573000035],[124.2432984300001,8.233376415000066],[124.24121380400004,8.23142670800007],[124.23867952400008,8.23022201200007],[124.23827515000005,8.23039303200005],[124.23860486700005,8.230557131000069],[124.23836789100007,8.230909526000058],[124.23455789500008,8.231223885000077],[124.23219123900003,8.232313060000024],[124.23363705700001,8.23512372700003],[124.23493710200012,8.23467556400004],[124.23706465600004,8.236116995000033],[124.23787127100002,8.237336510000034]]]}},{"id":"31470","type":"Feature","properties":{"adm1_psgc":1000000000,"adm2_psgc":1030900000,"adm3_psgc":1030900000,"adm4_psgc":1030900027,"adm4_en":"Tipanoy","geo_level":"Bgy","len_crs":23485,"area_crs":11289610,"len_km":23,"area_km2":11.0},"geometry":{"type":"Polygon","coordinates":[[[124.24930988400001,8.208071073000044],[124.25368301600008,8.207640225000034],[124.25408877900009,8.205885167000075],[124.25525890200005,8.205797422000048],[124.25560142200003,8.205454756000053],[124.25561692400004,8.204576347000055],[124.25513144300008,8.203860597000071],[124.25701201400011,8.203567536000037],[124.26276892800001,8.203518299000054],[124.26758936600002,8.192850334000068],[124.2680706880001,8.193784463000041],[124.27245734700011,8.195921419000058],[124.27344489200006,8.196155588000066],[124.27454708000005,8.195832494000056],[124.27589855800012,8.194048031000023],[124.2764938360001,8.192431434000069],[124.27731283500009,8.191926770000064],[124.27737974800004,8.19056789800004],[124.2785629890001,8.190792670000063],[124.28069203200003,8.189237387000048],[124.28100695000012,8.188006784000036],[124.28237793900009,8.186586060000023],[124.28243269200006,8.18609228100007],[124.28151750100005,8.184563713000047],[124.28113640200002,8.183092781000028],[124.28292996300002,8.180475298000033],[124.2831254460001,8.179471723000063],[124.28643250400013,8.178686502000062],[124.28693562800004,8.178255814000067],[124.28708738700003,8.17725658200004],[124.2894496780001,8.176961201000037],[124.2903384530001,8.177365912000027],[124.29134368000007,8.178430548000051],[124.29136061800011,8.178883179000024],[124.29075752300002,8.179673789000049],[124.29085697300003,8.180096649000062],[124.29304974600007,8.18211220400002],[124.29406205800002,8.181758619000048],[124.29376964100003,8.180506649000051],[124.29497174200004,8.178744752000059],[124.29448555900002,8.177341667000064],[124.29545495500008,8.17682486800004],[124.29529741300007,8.17527652100006],[124.29571686900012,8.174915005000058],[124.29698445800011,8.174805779000053],[124.29724356000008,8.173575440000032],[124.29805996700009,8.173638276000077],[124.29779432300006,8.172908301000064],[124.29783784900006,8.170745116000036],[124.29832760500005,8.169461053000022],[124.29945528700011,8.16929919000006],[124.30085493000001,8.168113239000032],[124.3015392850001,8.168758364000041],[124.30407322400004,8.16927248300004],[124.30431335900006,8.168888199000035],[124.30418100700001,8.167761438000069],[124.29832977500007,8.162335527000037],[124.28658887200002,8.16844203900007],[124.27509865700007,8.169629811000048],[124.27136874900009,8.175376177000032],[124.26530024500006,8.182410922000031],[124.2642753880001,8.185539612000069],[124.26286849400003,8.185435112000048],[124.2625524450001,8.186514439000064],[124.26018994100002,8.185396021000031],[124.25908335600002,8.18557662200004],[124.25844634300007,8.186045355000033],[124.25980666700002,8.189880390000042],[124.25905567300003,8.190474643000075],[124.25811213800012,8.189621437000028],[124.2575586690001,8.189656698000023],[124.25716946700004,8.188908654000043],[124.25319208200006,8.189204917000039],[124.25251093400004,8.191816883000058],[124.25175529000012,8.191867346000036],[124.25048181200009,8.19255796200002],[124.24316156300007,8.193825214000073],[124.24262257800001,8.193166001000067],[124.24068685700003,8.193536135000043],[124.24046659000008,8.194478097000058],[124.24084887400012,8.194681580000063],[124.24111280700004,8.195482432000064],[124.24079999400008,8.196106767000062],[124.23995602700008,8.196235096000065],[124.23967864200006,8.19684607200003],[124.2382385630001,8.198045629000033],[124.23845405300005,8.198835394000069],[124.23743362000003,8.202800273000038],[124.2433969230001,8.203862157000062],[124.24374152600002,8.205982136000046],[124.24930988400001,8.208071073000044]]]}},{"id":"31471","type":"Feature","properties":{"adm1_psgc":1000000000,"adm2_psgc":1030900000,"adm3_psgc":1030900000,"adm4_psgc":1030900028,"adm4_en":"Tomas L. Cabili","geo_level":"Bgy","len_crs":8148,"area_crs":2196127,"len_km":8,"area_km2":2.0},"geometry":{"type":"Polygon","coordinates":[[[124.22658414000011,8.215757011000052],[124.22806403900005,8.215473163000066],[124.22823283700008,8.214667659000044],[124.22885649400008,8.214537740000026],[124.22874752700011,8.21224122500007],[124.23163396100007,8.21241311400007],[124.23231517900001,8.20365238100004],[124.23284967100004,8.20215240500005],[124.23506257100007,8.201905845000054],[124.23700574000009,8.202408584000066],[124.23743362000003,8.202800273000038],[124.23845405300005,8.198835394000069],[124.2382385630001,8.198045629000033],[124.23341026400009,8.19632113100005],[124.23294801500005,8.197179593000044],[124.23215981400007,8.197651969000047],[124.23123895900005,8.199399429000039],[124.2299497030001,8.200321387000029],[124.22825995900008,8.200636195000072],[124.22616711100011,8.200570606000044],[124.22390994700005,8.199827732000072],[124.22336946500002,8.200748332000046],[124.22285822800006,8.200747286000025],[124.22270414200013,8.201371073000075],[124.22300486000006,8.201772965000032],[124.2225869010001,8.202474357000026],[124.22198184700007,8.202413253000032],[124.22182283600011,8.20361432300007],[124.22053399200003,8.204360134000067],[124.22028083400006,8.205528525000036],[124.2190942950001,8.20621396000007],[124.21872867100001,8.20691207900006],[124.21902606700006,8.20753529400002],[124.2184672080001,8.208180166000034],[124.21874651400005,8.208740587000023],[124.21857751900006,8.209567478000052],[124.21990343900006,8.210152811000057],[124.21966914100007,8.210902314000066],[124.21993267100004,8.21016272500003],[124.22192227000006,8.211104295000037],[124.22658414000011,8.215757011000052]]]}},{"id":"31472","type":"Feature","properties":{"adm1_psgc":1000000000,"adm2_psgc":1030900000,"adm3_psgc":1030900000,"adm4_psgc":1030900029,"adm4_en":"Upper Tominobo","geo_level":"Bgy","len_crs":13589,"area_crs":6971817,"len_km":13,"area_km2":6.0},"geometry":{"type":"Polygon","coordinates":[[[124.22407462000001,8.186152476000077],[124.227263332,8.185149652000066],[124.22599111600006,8.183250567000073],[124.2270436660001,8.182543998000028],[124.22687363600006,8.181216797000047],[124.22837345500011,8.181225945000051],[124.2301236620001,8.180026777000023],[124.23277454200002,8.18051450000007],[124.23426569600007,8.178594621000057],[124.23555178100004,8.175754520000053],[124.23490130000005,8.170502887000053],[124.23382756700005,8.167926762000036],[124.23408726800007,8.16670868600005],[124.23508590500013,8.164528030000044],[124.23633397300011,8.162836607000031],[124.2377378880001,8.15945131500007],[124.24180448000004,8.155986260000077],[124.24289434000002,8.156342196000026],[124.24340055000006,8.156124428000053],[124.24380399700011,8.155698163000064],[124.24399060300004,8.154720283000072],[124.23616916000005,8.151112155000021],[124.22606196700008,8.14891915000004],[124.22590749100004,8.15916434700006],[124.21712884600004,8.15895154700007],[124.21676015400011,8.159947532000045],[124.21702648700013,8.162785498000062],[124.2150975510001,8.165818276000039],[124.21623058600007,8.169550476000039],[124.2149902550001,8.170967594000047],[124.21490659500012,8.173389881000048],[124.21802634700008,8.175760278000041],[124.21858836700005,8.179048003000048],[124.21935575200007,8.179319444000042],[124.21972502200003,8.186889671000074],[124.22059855700002,8.186889024000038],[124.22101969700007,8.187465963000019],[124.22082834600008,8.187673732000063],[124.22151141200005,8.187681953000038],[124.22248865900009,8.188495749000024],[124.22407462000001,8.186152476000077]]]}},{"id":"31473","type":"Feature","properties":{"adm1_psgc":1000000000,"adm2_psgc":1030900000,"adm3_psgc":1030900000,"adm4_psgc":1030900030,"adm4_en":"Tubod","geo_level":"Bgy","len_crs":9117,"area_crs":3484898,"len_km":9,"area_km2":3.0},"geometry":{"type":"Polygon","coordinates":[[[124.24649618500005,8.222327767000024],[124.24915800200007,8.220567314000052],[124.24932008600003,8.219438509000044],[124.24850340600005,8.218184315000032],[124.24857992300008,8.217651098000033],[124.24906607200013,8.217065029000024],[124.25088317100007,8.216250043000057],[124.25034668000002,8.215112663000069],[124.24856572800002,8.21386146000003],[124.24805661800008,8.212837731000036],[124.2479907820001,8.211562005000076],[124.24663284100008,8.21024392600003],[124.24718770000004,8.208414846000041],[124.24906482900008,8.208132729000054],[124.24374152600002,8.205982136000046],[124.2433969230001,8.203862157000062],[124.23743362000003,8.202800273000038],[124.23700574000009,8.202408584000066],[124.23506257100007,8.201905845000054],[124.23284967100004,8.20215240500005],[124.23231517900001,8.20365238100004],[124.23163396100007,8.21241311400007],[124.22874752700011,8.21224122500007],[124.22885649400008,8.214537740000026],[124.22823283700008,8.214667659000044],[124.22806403900005,8.215473163000066],[124.22668352900008,8.215729432000046],[124.2283333160001,8.216962375000035],[124.22963924200006,8.217382699000039],[124.23113368700002,8.218882093000047],[124.23248646800003,8.218237383000028],[124.23428773300009,8.218645694000031],[124.23650878600006,8.218696902000032],[124.23611407300008,8.219188776000065],[124.2380779560001,8.220145921000041],[124.23984523300008,8.219463967000024],[124.24143495700002,8.219435177000037],[124.24281771300004,8.219971951000048],[124.24363451400008,8.221113541000022],[124.24479250000002,8.221930475000018],[124.24649618500005,8.222327767000024]]]}},{"id":"31474","type":"Feature","properties":{"adm1_psgc":1000000000,"adm2_psgc":1030900000,"adm3_psgc":1030900000,"adm4_psgc":1030900031,"adm4_en":"Bagong Silang","geo_level":"Bgy","len_crs":3914,"area_crs":413967,"len_km":3,"area_km2":0.0},"geometry":{"type":"Polygon","coordinates":[[[124.25228679100007,8.243506897000032],[124.25433150800006,8.241494613000041],[124.25595903200008,8.242141270000046],[124.26000259200009,8.241180564000048],[124.25773804400002,8.240795056000024],[124.25691516600011,8.240407957000055],[124.25684679800008,8.240000519000034],[124.25520764000011,8.23940692100007],[124.25519074800002,8.23916405600005],[124.25454690000005,8.239167863000036],[124.25422868400004,8.237928014000033],[124.25201543200002,8.235687208000058],[124.24971242800008,8.23855301800006],[124.25110249800002,8.239569008000043],[124.25051858100007,8.240059207000058],[124.24954379500004,8.24242100600003],[124.24803887500002,8.24186675000004],[124.2487789920001,8.24326725800006],[124.24997116000009,8.242600547000052],[124.25228679100007,8.243506897000032]]]}},{"id":"31475","type":"Feature","properties":{"adm1_psgc":1000000000,"adm2_psgc":1030900000,"adm3_psgc":1030900000,"adm4_psgc":1030900032,"adm4_en":"Del Carmen","geo_level":"Bgy","len_crs":5611,"area_crs":1846669,"len_km":5,"area_km2":1.0},"geometry":{"type":"Polygon","coordinates":[[[124.26246008500006,8.241678663000073],[124.26448928500008,8.241060398000059],[124.2657277080001,8.239441981000027],[124.2664753250001,8.237152517000027],[124.26831168500007,8.236741332000065],[124.26982557600003,8.235871509000049],[124.26536881800007,8.230035200000032],[124.25941392400011,8.22961204200004],[124.25710749200005,8.228455354000062],[124.25624422600002,8.228467058000035],[124.2556442140001,8.230255679000038],[124.25395965200006,8.23181063100003],[124.25187578600004,8.23201019100003],[124.25251737700012,8.235083743000075],[124.25201543200002,8.235687208000058],[124.25422868400004,8.237928014000033],[124.25454690000005,8.239167863000036],[124.25519074800002,8.23916405600005],[124.25520764000011,8.23940692100007],[124.25684679800008,8.240000519000034],[124.25691516600011,8.240407957000055],[124.25773804400002,8.240795056000024],[124.26197619900006,8.241211627000043],[124.26246008500006,8.241678663000073]]]}},{"id":"31476","type":"Feature","properties":{"adm1_psgc":1000000000,"adm2_psgc":1030900000,"adm3_psgc":1030900000,"adm4_psgc":1030900033,"adm4_en":"Dulag","geo_level":"Bgy","len_crs":22168,"area_crs":14115424,"len_km":22,"area_km2":14.0},"geometry":{"type":"Polygon","coordinates":[[[124.37954764200003,8.237522635000062],[124.38041576100011,8.236688788000036],[124.38024215200005,8.234279635000064],[124.38046949900001,8.233742517000051],[124.38085278300002,8.233327610000059],[124.38180044800005,8.233124958000076],[124.38300968700003,8.233544232000039],[124.38327374900008,8.233329331000048],[124.38387652300004,8.230971580000071],[124.38454173400011,8.230043697000042],[124.38400039700002,8.228839117000062],[124.38252845000011,8.227990408000041],[124.38153905300011,8.228410422000024],[124.3803459180001,8.229988797000031],[124.37947306300009,8.23002052100003],[124.37882641600005,8.229653189000032],[124.37873792300002,8.228818628000056],[124.38010314000007,8.228260664000063],[124.38057619900006,8.22746456300007],[124.3804091390001,8.226780866000068],[124.37907709800005,8.22575634900005],[124.37911853100002,8.224796423000042],[124.38072763300009,8.224296917000062],[124.38210691500002,8.224928155000043],[124.3832380340001,8.224720647000026],[124.38341604400011,8.224403497000026],[124.38287581500003,8.223709195000026],[124.38295798500009,8.223338300000023],[124.38378571400006,8.22291733700007],[124.38537948400007,8.222955849000071],[124.38562556700003,8.22165500500006],[124.38601587200002,8.221158771000034],[124.38718571000004,8.221363752000059],[124.38831509900001,8.220564717000055],[124.38993535900012,8.22070055000006],[124.39150991600002,8.220224260000066],[124.39224616400008,8.220413940000073],[124.39281895700005,8.218185533000051],[124.39394141500009,8.217780475000042],[124.3959287670001,8.21814271200003],[124.39769311100007,8.216346031000056],[124.39796344200012,8.215393689000054],[124.3977355390001,8.214950196000075],[124.39621379700009,8.214206174000028],[124.39487220900003,8.215361569000038],[124.39258382300011,8.216641294000057],[124.39082175500006,8.216418075000037],[124.39060509800004,8.215210986000045],[124.39213182800006,8.213241153000068],[124.39187783500007,8.211482202000072],[124.39247525300003,8.210766540000067],[124.36830117000011,8.200231468000027],[124.35419942200008,8.19241874100004],[124.35344436600008,8.19266446000006],[124.35234005800011,8.19212179300007],[124.35090715100011,8.192429585000072],[124.35039426900005,8.19295013100003],[124.35009828900002,8.194479567000029],[124.34956715100009,8.194862902000068],[124.34903146600004,8.194835184000054],[124.34839970000007,8.193689360000064],[124.34731069000009,8.193709349000072],[124.34660455400001,8.19541480600003],[124.34567070300011,8.196287479000034],[124.34652717300003,8.19889250500006],[124.34838023900012,8.20162328500004],[124.34776597400003,8.20341874700006],[124.348443685,8.204683746000057],[124.34860265600004,8.207438942000069],[124.34799646400008,8.208051595000025],[124.35702134800012,8.219825555000055],[124.3604516050001,8.231899575000055],[124.3615043110001,8.232236116000026],[124.36231392900004,8.232994955000036],[124.36233656800005,8.236104002000047],[124.36398937300011,8.236736685000041],[124.365467877,8.236670924000062],[124.36631305600008,8.234723853000046],[124.36883146100001,8.234244974000033],[124.36963078700012,8.234369574000027],[124.37043833800008,8.23346686600007],[124.37157351200005,8.232905966000033],[124.37292994400003,8.232493161000036],[124.37408268700005,8.232694057000058],[124.375057491,8.231425123000065],[124.3760862040001,8.231080258000077],[124.37666814900001,8.231368309000063],[124.37795000300004,8.233537144000021],[124.37803342200004,8.234626429000059],[124.37772406600006,8.234928643000044],[124.37584962100004,8.234683860000077],[124.37466594800001,8.235065967000024],[124.37454017200004,8.235890653000068],[124.3748307310001,8.236565322000045],[124.3755056230001,8.237042035000059],[124.37660203900009,8.236328083000046],[124.37757245900004,8.236154398000053],[124.37879497200004,8.237328022000042],[124.37954764200003,8.237522635000062]]]}},{"id":"31477","type":"Feature","properties":{"adm1_psgc":1000000000,"adm2_psgc":1030900000,"adm3_psgc":1030900000,"adm4_psgc":1030900034,"adm4_en":"San Miguel","geo_level":"Bgy","len_crs":3004,"area_crs":502958,"len_km":3,"area_km2":0.0},"geometry":{"type":"Polygon","coordinates":[[[124.24954379500004,8.24242100600003],[124.25051858100007,8.240059207000058],[124.25110249800002,8.239569008000043],[124.24971242800008,8.23855301800006],[124.25017246200002,8.237906222000047],[124.24869103300011,8.23506247100005],[124.24742261600011,8.233581021000017],[124.24712666200003,8.233440107000034],[124.24539132500001,8.234720153000069],[124.24411985000006,8.234572573000035],[124.24268321400007,8.234887562000042],[124.24450614800003,8.239312271000074],[124.24605720400008,8.24107351400005],[124.24954379500004,8.24242100600003]]]}},{"id":"31478","type":"Feature","properties":{"adm1_psgc":1000000000,"adm2_psgc":1030900000,"adm3_psgc":1030900000,"adm4_psgc":1030900035,"adm4_en":"Santiago","geo_level":"Bgy","len_crs":4358,"area_crs":983272,"len_km":4,"area_km2":0.0},"geometry":{"type":"Polygon","coordinates":[[[124.248253868,8.25508463400007],[124.24905380400003,8.254692506000023],[124.2495312000001,8.254010943000027],[124.25000290200013,8.251639657000053],[124.2503805550001,8.251127240000075],[124.25195327100005,8.250526544000023],[124.25211312600003,8.249881954000045],[124.24800403200004,8.241854147000026],[124.24454690200004,8.243291431000042],[124.24353637100012,8.243073884000069],[124.24320009200005,8.24408618800004],[124.24200260200008,8.244666118000053],[124.24311439800012,8.248803131000043],[124.24285083700012,8.249988805000044],[124.24344615200005,8.251372907000075],[124.24503472900007,8.252758975000061],[124.24590978600008,8.252784666000025],[124.245696715,8.253148357000043],[124.24656004400003,8.253637007000066],[124.2461294730001,8.254242799000052],[124.2470897520001,8.254896809000055],[124.248253868,8.25508463400007]]]}},{"id":"31479","type":"Feature","properties":{"adm1_psgc":1000000000,"adm2_psgc":1030900000,"adm3_psgc":1030900000,"adm4_psgc":1030900036,"adm4_en":"Santo Rosario","geo_level":"Bgy","len_crs":2526,"area_crs":311630,"len_km":2,"area_km2":0.0},"geometry":{"type":"Polygon","coordinates":[[[124.25090082000008,8.247656917000029],[124.25270581000007,8.24643314700006],[124.25549379000006,8.245830494000074],[124.25511730100004,8.245171191000054],[124.25633046000009,8.24409969800007],[124.25592671200002,8.24204147100005],[124.25433150800006,8.241494613000041],[124.25228679100007,8.243506897000032],[124.24997116000009,8.242600547000052],[124.2487789920001,8.24326725800006],[124.25090082000008,8.247656917000029]]]}},{"id":"31480","type":"Feature","properties":{"adm1_psgc":1000000000,"adm2_psgc":1030900000,"adm3_psgc":1030900000,"adm4_psgc":1030900037,"adm4_en":"Tibanga","geo_level":"Bgy","len_crs":3549,"area_crs":527619,"len_km":3,"area_km2":0.0},"geometry":{"type":"Polygon","coordinates":[[[124.24204421400009,8.244636366000064],[124.24320009200005,8.24408618800004],[124.24353637100012,8.243073884000069],[124.24454690200004,8.243291431000042],[124.24800403200004,8.241854147000026],[124.24624116400004,8.241195950000074],[124.2448177890001,8.239765270000019],[124.24268321400007,8.234887562000042],[124.24123986500001,8.235577122000054],[124.2404499610001,8.235512749000064],[124.23813000500003,8.237336597000024],[124.23858167000002,8.238522728000019],[124.2405433880001,8.240874575000023],[124.2407587130001,8.242822601000055],[124.24204421400009,8.244636366000064]]]}},{"id":"31481","type":"Feature","properties":{"adm1_psgc":1000000000,"adm2_psgc":1030900000,"adm3_psgc":1030900000,"adm4_psgc":1030900038,"adm4_en":"Acmac-Mariano Badelles Sr.","geo_level":"Bgy","len_crs":5259,"area_crs":1041637,"len_km":5,"area_km2":1.0},"geometry":{"type":"Polygon","coordinates":[[[124.27233896500002,8.280659644000025],[124.27302147700004,8.280330930000048],[124.27375638200012,8.279406241000059],[124.27422261800008,8.279727242000034],[124.27434030600011,8.279191131000061],[124.2746502780001,8.279280181000043],[124.27510628100003,8.278728043000058],[124.27548299800003,8.27902560800004],[124.27611343000001,8.27818617300005],[124.27650559200003,8.278144091000058],[124.26695273100005,8.270041876000048],[124.2654903790001,8.269554121000056],[124.2624600700001,8.271359363000043],[124.26270410400002,8.271646353000047],[124.26092925400008,8.273011401000076],[124.26313946200003,8.275952959000051],[124.26420494700004,8.279070139000053],[124.26487706700004,8.278337143000044],[124.26602711600005,8.278321840000045],[124.2666577440001,8.277657754000074],[124.26720495300002,8.278000097000072],[124.26802085300005,8.277984795000064],[124.26790541800007,8.278682110000032],[124.26818497900003,8.278902929000024],[124.26884486800007,8.278670682000039],[124.26874817200009,8.279202171000067],[124.2691755080001,8.279507532000025],[124.2701218950001,8.279586469000037],[124.27037612900006,8.28013604900002],[124.27123838400006,8.280564841000057],[124.27184473900002,8.28033733700005],[124.27233896500002,8.280659644000025]]]}},{"id":"31482","type":"Feature","properties":{"adm1_psgc":1000000000,"adm2_psgc":1030900000,"adm3_psgc":1030900000,"adm4_psgc":1030900039,"adm4_en":"Ditucalan","geo_level":"Bgy","len_crs":11743,"area_crs":5099942,"len_km":11,"area_km2":5.0},"geometry":{"type":"Polygon","coordinates":[[[124.19286027500004,8.184932168000048],[124.19450234700001,8.182922301000076],[124.19489395100004,8.183257584000046],[124.1953539640001,8.183153692000076],[124.19674923700005,8.181719825000073],[124.19659128900003,8.180515454000043],[124.1974713850001,8.178389375000053],[124.19527376300005,8.176119104000067],[124.19536695500005,8.175101342000064],[124.19556791000001,8.174507620000039],[124.19632388400008,8.173971816000064],[124.19910185100002,8.173609864000069],[124.19930674600006,8.16979257500003],[124.20027451300005,8.165597202000072],[124.19969706900008,8.163724866000052],[124.19968570300013,8.161791952000048],[124.20002616700005,8.161182403000055],[124.20121913000003,8.160497220000021],[124.2015870690001,8.158772998000074],[124.20304731400006,8.15611908300002],[124.20305880700005,8.154975256000057],[124.20250540400002,8.154007760000072],[124.20106595200004,8.153043757000034],[124.19974073800006,8.152723723000065],[124.19883911400007,8.150752040000045],[124.19844797700011,8.151962664000049],[124.19716734300005,8.15247067300004],[124.19720373400003,8.153607924000028],[124.19768959500003,8.15408814500006],[124.19712940200009,8.154683752000041],[124.19662912500006,8.156377865000021],[124.19517953900004,8.157835349000038],[124.19274957200003,8.158025945000077],[124.19176705100007,8.156851680000045],[124.19125876300008,8.156770894000033],[124.19051482500004,8.15722753400007],[124.1899555350001,8.158286820000058],[124.19048446500007,8.159100066000066],[124.19034712300005,8.15969110700007],[124.18895227500003,8.159389505000037],[124.18696198000009,8.159897732000047],[124.18611099700003,8.159054470000058],[124.18457773800003,8.160026363000043],[124.18397359900007,8.161202486000036],[124.18313127300009,8.161600489000023],[124.18206638700009,8.16312319000002],[124.17918949000011,8.163183183000054],[124.18056384500005,8.171820094000054],[124.18338596300009,8.173235496000075],[124.18374193800003,8.174193896000078],[124.1849387640001,8.175054528000029],[124.1849761640001,8.175812789000076],[124.18414394000001,8.17621737000007],[124.18370169200011,8.176935306000075],[124.18878701500013,8.181995619000077],[124.18861157700009,8.182163553000066],[124.19286027500004,8.184932168000048]]]}},{"id":"31483","type":"Feature","properties":{"adm1_psgc":1000000000,"adm2_psgc":1030900000,"adm3_psgc":1030900000,"adm4_psgc":1030900040,"adm4_en":"Hindang","geo_level":"Bgy","len_crs":16994,"area_crs":10269394,"len_km":16,"area_km2":10.0},"geometry":{"type":"Polygon","coordinates":[[[124.32793174200003,8.327967434000069],[124.34645261600008,8.323414768000019],[124.35904945800009,8.316709741000068],[124.36637374500003,8.314602319000073],[124.36979453600007,8.320253657000023],[124.37971581200009,8.318074466000041],[124.37214690600003,8.312663892000046],[124.37086555400005,8.312026498000021],[124.36932867400003,8.312296823000054],[124.368358896,8.310738050000051],[124.3673523540001,8.311196001000042],[124.36675817900004,8.31087401700006],[124.36649602900003,8.309355272000062],[124.36697664500002,8.308005540000066],[124.366324307,8.30769246800003],[124.3673556100001,8.307070404000056],[124.36739896900006,8.30676545400007],[124.36621243300011,8.30540661200007],[124.3666335700001,8.304098853000024],[124.36608924600012,8.301746038000035],[124.3652133700001,8.301638296000021],[124.36470350500007,8.300684670000066],[124.36189486100011,8.298686196000066],[124.3594273650001,8.297492818000023],[124.3585734940001,8.297584167000025],[124.35814379800001,8.297038938000073],[124.35643355100002,8.296648054000057],[124.35586475100001,8.295353349000038],[124.35429137400003,8.296403758000054],[124.35354073000008,8.295850312000024],[124.35264416500003,8.295930215000054],[124.3520878710001,8.294928059000028],[124.3521380100001,8.293311836000042],[124.34844698500001,8.291475926000032],[124.34285934800005,8.295533707000061],[124.33925065800008,8.30751775400006],[124.33855459400002,8.307572725000057],[124.32623931400008,8.323899039000025],[124.32793174200003,8.327967434000069]]]}},{"id":"31484","type":"Feature","properties":{"adm1_psgc":1000000000,"adm2_psgc":1030900000,"adm3_psgc":1030900000,"adm4_psgc":1030900041,"adm4_en":"Kalilangan","geo_level":"Bgy","len_crs":29171,"area_crs":30349920,"len_km":29,"area_km2":30.0},"geometry":{"type":"Polygon","coordinates":[[[124.39247525300003,8.210766540000067],[124.39567139200007,8.207055522000077],[124.3968119330001,8.206615593000036],[124.398070286,8.206572938000022],[124.39937076000001,8.207192363000047],[124.40097130000004,8.20519355400006],[124.40183962800006,8.20517594300003],[124.40242010200005,8.205561014000068],[124.4033704410001,8.20543275700004],[124.40414427600001,8.20748043800006],[124.40566084200009,8.206900018000052],[124.40725157100009,8.20559802200006],[124.40893101600011,8.205490113000055],[124.40994744700004,8.204819746000057],[124.4098805220001,8.20428348300004],[124.40776620800013,8.203567966000037],[124.40649446200007,8.203485513000032],[124.40463443500006,8.202643677000026],[124.40221299000008,8.202402095000025],[124.40122856900008,8.201657882000063],[124.40001778700002,8.19950929600003],[124.4005117370001,8.19769302000003],[124.40112631600003,8.196998785000062],[124.40222111600008,8.19645586400003],[124.40220501700003,8.194788814000047],[124.4010537590001,8.194099134000055],[124.40063138000005,8.193410172000029],[124.4008960540001,8.192537431000062],[124.40279225000006,8.193231149000038],[124.40351307800007,8.192177990000062],[124.40430686700007,8.192056741000046],[124.405611248,8.19272222000006],[124.41028724900002,8.191100164000035],[124.41087015100004,8.190257174000067],[124.4118719820001,8.190038051000045],[124.4129619250001,8.189305711000033],[124.41207694900005,8.18792164000007],[124.41009383100004,8.18745679700004],[124.4095040090001,8.187583348000032],[124.40899511200007,8.187191551000069],[124.40937275800003,8.186135143000058],[124.4105986300001,8.185914642000055],[124.41101123300008,8.184611054000072],[124.41044733900004,8.18375574700002],[124.41056521300004,8.18253167300003],[124.40895692100003,8.181841479000068],[124.40842342100007,8.181027389000063],[124.40937696900005,8.179312135000032],[124.40920068100003,8.178254045000074],[124.40960650000011,8.176881079000053],[124.40826660200003,8.175105487000053],[124.4083405670001,8.174041368000074],[124.40914092000003,8.172664057000077],[124.40859300800001,8.171081661000073],[124.40928375400006,8.169034612000079],[124.41035779600007,8.168976114000031],[124.41241573800006,8.166154770000048],[124.41365215300006,8.166571517000024],[124.413628603,8.164739557000075],[124.41475627400008,8.162920669000075],[124.41358441000011,8.161149496000062],[124.41382640800009,8.16043359400004],[124.41287189200013,8.158147702000065],[124.41394444100001,8.157438377000062],[124.41361887400002,8.154571965000061],[124.41502775600009,8.153923622000036],[124.4153600080001,8.15337524300003],[124.41495741800007,8.152378630000044],[124.41503695600012,8.151491756000041],[124.41374411700008,8.149010666000038],[124.41216586400003,8.13836305700005],[124.40466894700012,8.141588292000051],[124.39575697900011,8.153384322000022],[124.37657102300012,8.158134573000043],[124.36887539100007,8.156649365000018],[124.36962795500007,8.158435663000033],[124.36935968400007,8.159682731000032],[124.36770326100009,8.16204091000003],[124.36711531800006,8.162295921000066],[124.36547698400011,8.162156033000029],[124.36470558400005,8.163175052000042],[124.36462809000011,8.165795511000056],[124.364458086,8.166060667000067],[124.36324771200007,8.166194155000026],[124.36288349800009,8.166795930000033],[124.36286612300013,8.168479088000026],[124.36354015000008,8.16972822100007],[124.3625084360001,8.171615254000075],[124.3629619730001,8.173352185000054],[124.36440284400011,8.174928896000038],[124.36374636800008,8.179272015000036],[124.36179150300008,8.181656408000036],[124.36110660800013,8.183156059000055],[124.35975888800012,8.183669051000036],[124.35972678500002,8.185020053000073],[124.3571072190001,8.187577666000038],[124.35668674600004,8.189101044000038],[124.35721023200006,8.190974906000067],[124.35538447400006,8.190772135000032],[124.3544383640001,8.191247092000026],[124.35419942200008,8.19241874100004],[124.36830117000011,8.200231468000027],[124.39247525300003,8.210766540000067]]]}},{"id":"31485","type":"Feature","properties":{"adm1_psgc":1000000000,"adm2_psgc":1030900000,"adm3_psgc":1030900000,"adm4_psgc":1030900042,"adm4_en":"Lanipao","geo_level":"Bgy","len_crs":13966,"area_crs":8208692,"len_km":13,"area_km2":8.0},"geometry":{"type":"Polygon","coordinates":[[[124.33674115100008,8.243989355000055],[124.33774069700009,8.243644439000038],[124.3392823910001,8.242299055000045],[124.34072777800009,8.240305146000026],[124.34821510200005,8.240833131000045],[124.34958161200007,8.240203867000048],[124.35027494600003,8.238631895000024],[124.35009617100003,8.234944720000044],[124.35138869400011,8.234080507000042],[124.35290513100006,8.234090226000035],[124.35466929700011,8.236119374000054],[124.35664923000002,8.236627914000051],[124.35856546200012,8.235868367000023],[124.35951389400009,8.235121950000064],[124.36006093800006,8.234174409000046],[124.3604016710001,8.232806568000058],[124.3602097590001,8.23206940700004],[124.3604516050001,8.231899575000055],[124.35702134800012,8.219825555000055],[124.34799646400008,8.208051595000025],[124.34571828700007,8.208092303000058],[124.34623601300008,8.209308028000068],[124.34839720000002,8.210758998000074],[124.34691162900003,8.21375917800003],[124.3455189870001,8.214509551000047],[124.34455061200005,8.215626965000068],[124.34570117600003,8.21830312800006],[124.34385730900011,8.219009198000037],[124.34172443900003,8.217581486000029],[124.3397947720001,8.21718664700006],[124.33580933300004,8.218568939000022],[124.33406144100002,8.220720377000019],[124.33249291900006,8.219672481000032],[124.33074748700005,8.22089518000007],[124.33091536200006,8.223495434000027],[124.3305297710001,8.223954960000073],[124.32952484600001,8.22410841800007],[124.32881057300006,8.225207304000035],[124.32838546100002,8.228266635000066],[124.32778528100005,8.229542682000043],[124.33030237000003,8.232748501000057],[124.3314764370001,8.243473907000064],[124.33674115100008,8.243989355000055]]]}},{"id":"31486","type":"Feature","properties":{"adm1_psgc":1000000000,"adm2_psgc":1030900000,"adm3_psgc":1030900000,"adm4_psgc":1030900043,"adm4_en":"Luinab","geo_level":"Bgy","len_crs":6703,"area_crs":2697438,"len_km":6,"area_km2":2.0},"geometry":{"type":"Polygon","coordinates":[[[124.26915164500008,8.252439752000043],[124.27370686600011,8.250763319000045],[124.27972440600003,8.246355544000037],[124.28165305400012,8.244118988000027],[124.28251164300002,8.238686382000026],[124.28208425500009,8.237617023000041],[124.28121971000007,8.23714204700002],[124.27801838900007,8.237096320000033],[124.27370084500001,8.235655117000022],[124.26982557600003,8.235871509000049],[124.26831168500007,8.236741332000065],[124.2664753250001,8.237152517000027],[124.2657277080001,8.239441981000027],[124.26448928500008,8.241060398000059],[124.26246008500006,8.241678663000073],[124.26275773300006,8.245110246000024],[124.26412153500007,8.24547705100002],[124.26461868400008,8.245082943000057],[124.26489594400005,8.247106233000066],[124.26659962400004,8.247511740000052],[124.26739563100013,8.249102720000053],[124.2669953930001,8.250876551000031],[124.268603041,8.251668703000064],[124.26915164500008,8.252439752000043]]]}},{"id":"31487","type":"Feature","properties":{"adm1_psgc":1000000000,"adm2_psgc":1030900000,"adm3_psgc":1030900000,"adm4_psgc":1030900044,"adm4_en":"Panoroganan","geo_level":"Bgy","len_crs":32949,"area_crs":42619300,"len_km":32,"area_km2":42.0},"geometry":{"type":"Polygon","coordinates":[[[124.40830753700004,8.196411306000073],[124.41001821900011,8.19588406300005],[124.41238009900007,8.19356126100007],[124.4129524760001,8.193416086000068],[124.41469249200009,8.194271539000056],[124.41650751900012,8.194536900000061],[124.4170080990001,8.195768557000065],[124.41818619800006,8.195537828000054],[124.41988884100009,8.195930049000026],[124.42060110000011,8.194932430000051],[124.42231208600003,8.194555211000022],[124.42348330100003,8.19356082300004],[124.42298595100009,8.19242095200002],[124.4231822370001,8.190648381000074],[124.42387795300012,8.190440680000052],[124.424362061,8.191757383000038],[124.42493182600003,8.192019477000033],[124.42553727000006,8.191202632000056],[124.4251994320001,8.190477122000061],[124.42551066500005,8.190167489000032],[124.42909424000005,8.191853113000036],[124.43099710600006,8.193371255000043],[124.43409211500013,8.194097788000022],[124.43453407000005,8.194482362000029],[124.43512140200004,8.193446691000075],[124.43623217100003,8.193039391000069],[124.43804216800004,8.191382624000028],[124.43944008900009,8.191306249000036],[124.43920531800006,8.190406256000074],[124.4400903070001,8.190065115000037],[124.4402335870001,8.18941884500003],[124.44140390400003,8.188567206000075],[124.442334446,8.188545610000062],[124.44178325000007,8.186514251000062],[124.44213138700002,8.185641176000047],[124.44457935600008,8.184545205000063],[124.44547488200011,8.184588690000055],[124.44594076500003,8.185116169000025],[124.4464914040001,8.18521219400003],[124.44785212500005,8.183849459000045],[124.448966099,8.18321637400004],[124.44974723300004,8.183230862000071],[124.4502617170001,8.183947327000057],[124.45278052400012,8.183305439000039],[124.45383458100002,8.183673146000048],[124.45449486100004,8.184776882000051],[124.45528736400001,8.184636638000029],[124.45590011900003,8.183941664000029],[124.45737067400012,8.184893111000065],[124.4608081340001,8.184334393000027],[124.46152117900009,8.184872350000036],[124.4614120010001,8.186352796000053],[124.46188975200005,8.186768293000059],[124.46435841200002,8.186245244000075],[124.4652044940001,8.186778975000038],[124.46550434500011,8.185720771000035],[124.46799824800007,8.18581506700002],[124.46862061000002,8.186403312000039],[124.46861455700001,8.187571549000042],[124.46903974400004,8.187627144000032],[124.469950647,8.185146510000036],[124.4708648070001,8.183887190000066],[124.47034244700001,8.182848714000043],[124.47053233400003,8.182363116000035],[124.47142427000006,8.182043219000038],[124.47403629400004,8.182656373000041],[124.47526764200006,8.182149233000072],[124.47597727900008,8.18147318800004],[124.47669221200012,8.179984557000068],[124.47638269500008,8.177418706000028],[124.476750905,8.177001576000066],[124.47910118400013,8.176393160000028],[124.47989393500008,8.176744428000063],[124.48065609000002,8.178145000000029],[124.48110963600006,8.178419532000024],[124.48245009200002,8.178286326000034],[124.4824329720001,8.177160291000064],[124.48153086200013,8.176043926000034],[124.48220012600008,8.17557635600002],[124.48362120200012,8.175739704000025],[124.4837937420001,8.17515117100004],[124.48250036600007,8.173693792000051],[124.48107669000001,8.173517651000056],[124.48093827600007,8.17278562000007],[124.48244709400002,8.171498060000031],[124.48095122600013,8.170531297000025],[124.48244637800009,8.16789611900003],[124.48231018100012,8.164001187000054],[124.48123857000009,8.163486510000041],[124.4726704200001,8.151313193000018],[124.45554609600005,8.13293686700007],[124.43501488000004,8.128414759000064],[124.43277813100009,8.129124025000067],[124.41549404600005,8.136965840000071],[124.41393203700011,8.137323493000054],[124.41216586400003,8.13836305700005],[124.41374411700008,8.149010666000038],[124.41503695600012,8.151491756000041],[124.41495741800007,8.152378630000044],[124.4153600080001,8.15337524300003],[124.41502775600009,8.153923622000036],[124.41361887400002,8.154571965000061],[124.41394444100001,8.157438377000062],[124.41287189200013,8.158147702000065],[124.41382640800009,8.16043359400004],[124.41358441000011,8.161149496000062],[124.41475627400008,8.162920669000075],[124.413628603,8.164739557000075],[124.41365215300006,8.166571517000024],[124.41241573800006,8.166154770000048],[124.41035779600007,8.168976114000031],[124.40928375400006,8.169034612000079],[124.40859300800001,8.171081661000073],[124.40914092000003,8.172664057000077],[124.4082670140001,8.174560808000022],[124.408377373,8.175501154000074],[124.40960650000011,8.176881079000053],[124.40920068100003,8.178254045000074],[124.40937696900005,8.179312135000032],[124.40842342100007,8.181027389000063],[124.40895692100003,8.181841479000068],[124.41056521300004,8.18253167300003],[124.41044733900004,8.18375574700002],[124.41101123300008,8.184611054000072],[124.4105986300001,8.185914642000055],[124.40937275800003,8.186135143000058],[124.40899511200007,8.187191551000069],[124.4095040090001,8.187583348000032],[124.41009383100004,8.18745679700004],[124.41207694900005,8.18792164000007],[124.4129619250001,8.189305711000033],[124.4118719820001,8.190038051000045],[124.41087015100004,8.190257174000067],[124.41028724900002,8.191100164000035],[124.405611248,8.19272222000006],[124.40621290600006,8.193448072000022],[124.40656687100012,8.194830165000042],[124.40819399600001,8.19555174200002],[124.40830753700004,8.196411306000073]]]}},{"id":"31488","type":"Feature","properties":{"adm1_psgc":1000000000,"adm2_psgc":1030900000,"adm3_psgc":1030900000,"adm4_psgc":1030900045,"adm4_en":"San Roque","geo_level":"Bgy","len_crs":6666,"area_crs":1819936,"len_km":6,"area_km2":1.0},"geometry":{"type":"Polygon","coordinates":[[[124.27685812600009,8.265976817000023],[124.27863756400006,8.265197957000051],[124.27942855900005,8.265330848000074],[124.28237254700004,8.261993383000059],[124.28099086100008,8.260937038000066],[124.27819451900008,8.259855684000058],[124.27438196000003,8.257714312000072],[124.26869849900004,8.257374073000053],[124.26411313900007,8.255662600000047],[124.26171724100004,8.25557948700003],[124.26016191200007,8.255127113000071],[124.25870770400002,8.257715510000024],[124.25663149400008,8.258356736000055],[124.25710864300004,8.259872242000027],[124.25748673800003,8.260102113000075],[124.25930257000005,8.260904089000064],[124.26512640600004,8.262520675000076],[124.265170419,8.263682150000022],[124.26584472300011,8.26420437300004],[124.26762348600005,8.26444972400003],[124.26915255300003,8.26370149500002],[124.27095606000012,8.26426907600006],[124.272919967,8.265776578000043],[124.27685812600009,8.265976817000023]]]}},{"id":"31489","type":"Feature","properties":{"adm1_psgc":1000000000,"adm2_psgc":1030900000,"adm3_psgc":1030900000,"adm4_psgc":1030900046,"adm4_en":"Ubaldo Laya","geo_level":"Bgy","len_crs":9774,"area_crs":2990312,"len_km":9,"area_km2":2.0},"geometry":{"type":"Polygon","coordinates":[[[124.24486356300008,8.226151710000066],[124.25120463100008,8.224949717000072],[124.25143469800003,8.22465931200003],[124.25126025100009,8.224119482000049],[124.25236929100002,8.222936071000051],[124.25224302600009,8.222590297000066],[124.25487218700006,8.221903727000042],[124.2563604830001,8.222347413000024],[124.25880206300008,8.22140656600004],[124.26083174100006,8.219610688000044],[124.26276892800001,8.203518299000054],[124.25701201400011,8.203567536000037],[124.25513144300008,8.203860597000071],[124.25561692400004,8.204576347000055],[124.25560142200003,8.205454756000053],[124.25525890200005,8.205797422000048],[124.25408877900009,8.205885167000075],[124.25368301600008,8.207640225000034],[124.24790821700005,8.208117540000044],[124.24708356300006,8.208539063000048],[124.24663070500003,8.209805430000072],[124.2467141730001,8.210458550000055],[124.2479907820001,8.211562005000076],[124.24805661800008,8.212837731000036],[124.24856572800002,8.21386146000003],[124.25034668000002,8.215112663000069],[124.25088317100007,8.216250043000057],[124.24870901000008,8.217432745000053],[124.24850340600005,8.218184315000032],[124.24932008600003,8.219438509000044],[124.24935666500005,8.220230830000048],[124.24696445500001,8.222230300000035],[124.24506040900009,8.222071815000048],[124.24363451400008,8.221113541000022],[124.24281771300004,8.219971951000048],[124.24184552200006,8.219565924000051],[124.24126830800004,8.221983888000068],[124.24279498100009,8.221941495000067],[124.24467914300008,8.225304631000027],[124.24486356300008,8.226151710000066]]]}},{"id":"31490","type":"Feature","properties":{"adm1_psgc":1000000000,"adm2_psgc":1030900000,"adm3_psgc":1030900000,"adm4_psgc":1030900047,"adm4_en":"Upper Hinaplanon","geo_level":"Bgy","len_crs":5688,"area_crs":1488123,"len_km":5,"area_km2":1.0},"geometry":{"type":"Polygon","coordinates":[[[124.2790037200001,8.260097278000048],[124.28026508900007,8.257759000000021],[124.28311863100008,8.256415117000074],[124.28337436300001,8.255568891000053],[124.28441208200002,8.255032527000024],[124.28500286700012,8.253868400000044],[124.2762569350001,8.248895694000055],[124.27370686600011,8.250763319000045],[124.26915164500008,8.252439752000043],[124.26877151200004,8.251977962000069],[124.26588356600007,8.253436411000052],[124.26571223200006,8.252960159000054],[124.26423469500003,8.25366803000003],[124.26411313900007,8.255662600000047],[124.26869849900004,8.257374073000053],[124.27391119700007,8.25756351100006],[124.27819451900008,8.259855684000058],[124.2790037200001,8.260097278000048]]]}},{"id":"31491","type":"Feature","properties":{"adm1_psgc":1000000000,"adm2_psgc":1030900000,"adm3_psgc":1030900000,"adm4_psgc":1030900048,"adm4_en":"Villa Verde","geo_level":"Bgy","len_crs":2339,"area_crs":347990,"len_km":2,"area_km2":0.0},"geometry":{"type":"Polygon","coordinates":[[[124.24539132500001,8.234720153000069],[124.24664020000013,8.233749994000048],[124.24624932100006,8.230028487000025],[124.2452888570001,8.227995989000021],[124.24046612000005,8.22862363300004],[124.24088612100003,8.231280063000042],[124.2432984300001,8.233376415000066],[124.24418100600008,8.23466111600004],[124.24539132500001,8.234720153000069]]]}}]}